ID,LONG,LAT,SETCENS,AREAP,CODDIST,DISTRITO,CODSUBPREF,SUBPREF,REGIAO5,REGIAO8,NOME,ENDERECO,BAIRRO,CEP,ES_TIPO,ES_DEPADM
1,-46714045,-23654530,355030871000083,3550308005174,72,SANTO AMARO,14,SANTO AMARO,Sul,Sul 2,DUED 103 CEE JOERG BRUDER,"AVENIDA PADRE JOSÉ MARIA, 555",SANTO AMARO,04753-060,1,1
2,-46740291,-23484650,355030863000065,3550308005113,64,PIRITUBA,2,PIRITUBA,Norte,Norte 1,DUED 105 CEE GERALDO JOSÉ DE ALMEIDA,"AVENIDA  AGENOR COUTO MAGALHÃES, 32",PIRITUBA,05174-000,1,1
3,-46722499,-23574458,355030812000027,3550308005105,12,BUTANTA,10,BUTANTA,Oeste,Oeste,DUED 117 CEE SOLANGE NUNES BIBAS,"RUA  ERNANI DA GAMA CORREA, 367",BUTANTÃ-INOCOOP,05539-000,1,1
4,-46719666,-23527226,355030888000035,3550308005107,90,VILA LEOPOLDINA,8,LAPA,Oeste,Oeste,DUED 108 CEE EDSON ARANTES DO NASCIMENTO,"RUA  BELMONT, 957",ALTO DA LAPA,05088-050,1,1
5,-46696979,-23475449,355030829000116,3550308005119,29,FREGUESIA DO O,3,FREGUESIA-BRASILANDIA,Norte,Norte 1,DUED 119 CEE OSWALDO BRANDÃO,"RUA  MICHIHISA MURATA, 120",VILA BRASILÂNDIA,02806-160,1,1
6,-46693023,-23483181,355030829000031,3550308005118,29,FREGUESIA DO O,3,FREGUESIA-BRASILANDIA,Norte,Norte 1,DUED 114 CEE AURÉLO DE CAMPOS,"RUA  JACUTIBA, 167",FREGUESIA DO Ó,02832-240,1,1
7,-46637733,-23640136,355030838000194,3550308005093,37,JABAQUARA,15,JABAQUARA,Sul,Sul 1,DUED 111 CEE RIYUSO OGAWA,"RUA  LUSSANVIRA, 178",VILA GUARANI,04316-000,1,1
8,-46653046,-23597296,355030832000003,3550308005049,53,MOEMA,12,VILA MARIANA,Sul,Sul 1,DUED 102 CEE MANÉ GARRINCHA,"RUA  PEDRO DE TOLEDO, 1591",VILA CLEMENTINO,04039-034,1,1
9,-46622069,-23570048,355030814000020,3550308005006,14,CAMBUCI,9,SE,Centro,Centro,DUED 115 CEE RUBENS PACCE LORDELLO,"AVENIDA  LINS DE VASCONCELOS, 804",CAMBUCI,01535-000,1,1
10,-46596572,-23587636,355030834000051,3550308005019,33,IPIRANGA,13,IPIRANGA,Sul,Sul 1,DUED 121 CEE FLAVIO CALABRESI CONTE,"RUA DAS MUNICIPALIDADES, 10",VILA INDEPENDÊNCIA,04212-040,1,1
11,-46597286,-23550420,355030853000057,3550308005017,54,MOOCA,25,MOOCA,Leste,Leste 1,DUED 101 CEE SALIM FARH MALUF,"RUA  TAQUARI, 635",MOÓCA,03166-000,1,1
12,-46652532,-23523071,355030869000042,3550308005027,70,SANTA CECILIA,9,SE,Centro,Centro,DUED 112 CEE RAUL TABAJARA,"RUA  ANHANGUERA, 484",BARRA FUNDA,01135-000,1,1
13,-46612575,-23494430,355030870000220,3550308005064,71,SANTANA,5,SANTANA-TUCURUVI,Norte,Norte 2,DUED 109 CEE ALFREDO IGNÁCIO TRINDADE,"RUA  VIRI, 425",JARDIM SÃO PAULO,02046-030,1,1
14,-46568024,-23583041,355030893000019,3550308005042,95,VILA PRUDENTE,29,VILA PRUDENTE,Leste,Leste 1,DUED 107 CEE ARTHUR FRIEDENREICH,"AVENIDA  FRANCISCO FALCONI,83",VILA ALPINA,03227-000,1,1
15,-46562156,-23539721,355030880000002,3550308005037,82,TATUAPE,25,MOOCA,Leste,Leste 1,DUED 113 CEE BRIGADEIRO EDUARDO GOMES,"RUA  MONTE SERRAT, 230",TATUAPÉ,03312-000,1,1
16,-46532674,-23548125,355030820000011,3550308005078,20,CARRAO,26,ARICANDUVA,Leste,Leste 1,DUED 106 CEE VICENTE ÍTALO FEOLA,PRAÇA  HAROLDO DALTRO,VILA MANCHESTER,03444-090,1,1
17,-46579805,-23500996,355030889000074,3550308005033,91,VILA MARIA,7,VILA MARIA-VILA GUILHERME,Norte,Norte 2,DUED 104 CEE THOMAZ MAZZONI,"PRAÇA  JÂNIO DA SILVA QUADROS, 150",VILA MARIA,02132-000,1,1
18,-46549037,-23514391,355030859000141,3550308005071,60,PENHA,21,PENHA,Leste,Leste 1,DUED 120 CEE LUIZ MARTINEZ,"AVENIDA GOVERNADOR CARVALHO PINTO, 2",TIQUATIRA,03601-000,1,1
19,-46479107,-23576101,355030857000078,3550308005205,58,PARQUE DO CARMO,27,ITAQUERA,Leste,Leste 2,DUED 110 CEE RUMI DE RANIERI,"AVENIDA  AFONSO DE SAMPAIO E SOUZA, 2001",ITAQUERA,08270-000,1,1
20,-46427562,-23546763,355030847000027,3550308005262,46,JOSE BONIFACIO,27,ITAQUERA,Leste,Leste 2,DUED 118 CEE GERDY GOMES,"RUA PROFESSORA LUCILA CERQUEIRA, 194",GUAIANAZES,08420-690,1,1
21,-46417971,-23497243,355030884000063,3550308005248,86,VILA CURUCA,24,ITAIM PAULISTA,Leste,Leste 2,DUED 116 CEE JOSÉ ERMÍRIO DE MORAES,"RUA  GRAPIRA, 537",SÃO MIGUEL PAULISTA,08030-190,1,1
22,-46714665,-23446528,355030842000143,3550308005188,41,JARAGUA,2,PIRITUBA,Norte,Norte 1,CEL TAIP CEL BRIGADEIRO EDUARDO GOMES,"RUA  JOÃO AMADO COUTINHO, 240",PARADA DE TAIPAS,,2,1
23,-46501924,-23605137,355030876000104,3550308005157,78,SAPOPEMBA,29,VILA PRUDENTE,Leste,Leste 1,CEL TV CEL TEOTÔNIO VILELA,"RUA  CARLOS CLAUSETTI, 19",SAPOPEMBA,,2,1
24,-46399898,-23599771,355030825000217,3550308005272,25,CIDADE TIRADENTES,31,CIDADE TIRADENTES,Leste,Leste 2,CEL AV CEL ANDRÉ VITAL RIBEIRO SOARES,"AVENIDA DOS METALÚRGICOS, 2255",GUAIANASES,08471-000,2,1
25,-46485009,-23551892,355030805000132,3550308005148,05,ARTUR ALVIM,21,PENHA,Leste,Leste 1,CEL JA CEL JOSÉ DE ANCHIETA,"RUA  JOSÉ BALANGIO,188",PENHA,03589-150,2,1
26,-46436103,-23547319,355030847000020,3550308005261,46,JOSE BONIFACIO,27,ITAQUERA,Leste,Leste 2,CEL JB CEL JOSÉ BONIFÁCIO,"RUA  ANA PERENA, 110",ITAQUERA,08253-230,2,1
27,-46414974,-23563981,355030825000239,3550308005268,25,CIDADE TIRADENTES,31,CIDADE TIRADENTES,Leste,Leste 2,CEL JK CEL JUSCELINO KUBITSCHEK,"RUA  INÁCIO MONTEIRO,55",GUAIANAZES,,2,1
28,-46753832,-23597305,355030894000034,3550308005181,96,VILA SONIA,10,BUTANTA,Oeste,Oeste,DUED 136 BALNEÁRIO MÁRIO DE MORAES,"RUA  EDWARD CARMILO, 840",JARDIM CELESTE,05528-001,3,1
29,-46667199,-23641747,355030815000122,3550308005100,15,CAMPO BELO,14,SANTO AMARO,Sul,Sul 2,DUED 132 BALNEÁRIO JALISCO,"RUA  RODES, 112",VILA SANTA CATARINA,04362-000,3,1
30,-46594753,-23595010,355030834000078,3550308005084,33,IPIRANGA,13,IPIRANGA,Sul,Sul 1,DUED 133 BALNEÁRIO PRINCESA ISABEL,"RUA  CAMPANTE, 100",VILA CARIOCA,04224-010,3,1
31,-46605453,-23579869,355030834000024,3550308005019,33,IPIRANGA,13,IPIRANGA,Sul,Sul 1,DUED 131 BALNEÁRIO CARLOS JOEL NELLI,"PRAÇA  NAMI JAFET, 45",IPIRANGA,04205-050,3,1
32,-46629045,-23516036,355030870000058,3550308005064,71,SANTANA,5,SANTANA-TUCURUVI,Norte,Norte 2,DUED 135 BALNEÁRIO GERALDO ALONSO,"AVENIDA  SANTOS DUMONT, 1.318",SANTANA,02012-010,3,1
33,-46753841,-23619785,355030817000271,3550308005234,17,CAMPO LIMPO,17,CAMPO LIMPO,Sul,Sul 2,DUED 171 MINI BALNEÁRIO MINISTRO SINÉSIO ROCHA,"RUA  CIBAÚMA, 54",CAMPO LIMPO,05754-030,4,1
34,-46682666,-23685536,355030816000052,3550308005171,16,CAMPO GRANDE,14,SANTO AMARO,Sul,Sul 2,DUED 172 MINI BALNEÁRIO ABREU SODRÉ,"RUA  CURIA, 249",JARDIM SABARÁ,04446-180,4,1
35,-46752486,-23553319,355030841000103,3550308005108,40,JAGUARE,8,LAPA,Oeste,Oeste,DUED 177 MINI BALNEÁRIO MARECHAL ESPIRIDIÃO ROSAS,"RUA GENERAL MAC ARTHUR, 1.304",JAGUARÉ,05338-000,4,1
36,-46464141,-23610388,355030873000142,3550308005208,75,SAO MATEUS,30,SAO MATEUS,Leste,Leste 2,DUED 174 MINI BALNEÁRIO JOSÉ MARIA WHITAKER,"AVENIDA  SATÉLITE, 756",SÃO MATEUS,08330-480,4,1
37,-46654763,-23491793,355030821000026,3550308005062,21,CASA VERDE,4,CASA VERDE-CACHOEIRINHA,Norte,Norte 1,DUED 178 MINI BALNEÁRIO COMANDANTE GARCIA D´AVILA,"RUA  ARMANDO COELHO E SILVA, 775",PARQUE PERUCHE,02539-000,4,1
38,-46639496,-23468823,355030851000018,3550308005130,51,MANDAQUI,5,SANTANA-TUCURUVI,Norte,Norte 2,DUED 176 MINI BALNEÁRIO COMANDANTE GASTÃO MOUTINHO,"REVOLUÇÃO CORONEL JOÃO DA SILVA FEIJÓ, 80",MANDAQUI,02422-200,4,1
39,-46569019,-23464103,355030839000024,3550308005136,38,JACANA,6,JACANA-TREMEMBE,Norte,Norte 2,DUED 175 MINI BALNEÁRIO IRMÃOS PAOLLILO,"RUA GENERAL JERÔNIMO FURTADO, 751",JAÇANÃ,02238-000,4,1
40,-46428916,-23499924,355030874000071,3550308005197,76,SAO MIGUEL,23,SAO MIGUEL,Leste,Leste 2,DUED 173 MINI BALNEÁRIO ALMIRANTE PEDRO DE FRONTIN,"RUA SARGENTO LUIZ BAPTISTA,83",SÃO MIGUEL,08030-000,4,1
41,-46656295,-23597669,355030832000003,3550308005049,53,MOEMA,12,VILA MARIANA,Sul,Sul 1,DUED 2 COTP CENTRO OLÍMPICO DE TREINAMENTO E PESQUISA,"AVENIDA  IBIRAPUERA, 1315",VILA CLEMENTINO,04029-000,5,1
42,-46656779,-23580773,355030832000036,3550308005049,53,MOEMA,12,VILA MARIANA,Sul,Sul 1,MODELÓDROMO DO IBIRAPUERA,"RUA  CURITIBA, 290, 292",PARAISO,04005-030,6,1
43,-46629149,-23513992,355030870000060,3550308005064,71,SANTANA,5,SANTANA-TUCURUVI,Norte,Norte 2,MODELÓDROMO AEROMODELISMO DE SANTANA,PRAÇA  CAMPO DE BAGATELLE,SANTANA,02012-000,6,1
44,-46700881,-23701344,355030823000137,3550308005217,23,CIDADE DUTRA,19,CAPELA DO SOCORRO,Sul,Sul 2,SEME 4 AUTÓDROMO JOSÉ CARLOS PACCE,"AVENIDA SENADOR TEOTÔNIO VILELA, 261",INTERLAGOS,04801-010,7,1
45,-46665045,-23545979,355030826000007,3550308005013,26,CONSOLACAO,9,SE,Centro,Centro,SEME 3 ESTÁDIO PAULO MACHADO DE CARVALHO,PRAÇA  CHARLES MULLER,PACAEMBU,01234-010,8,1
46,-46628607,-23571915,355030849000008,3550308005007,49,LIBERDADE,9,SE,Centro,Centro,DEPEL120 ESTÁDIO JACK MARIN,"RUA  MUNIZ DE SOUZA, 1119",ACLIMAÇÃO,01534-000,8,1
47,-46643010,-23519279,355030809000036,3550308005004,09,BOM RETIRO,9,SE,Centro,Centro,DEPEL110 ESTÁDIO BASE BALL MIE NISHI  -,"AVENIDA PRESIDENTE CASTELO BRANCO, 5446",BOM RETIRO,01142-010,8,1
48,-46719578,-23597938,355030854000042,3550308005104,55,MORUMBI,10,BUTANTA,Oeste,Oeste,S PAULO FUTEBOL CLUBE(MORUMBI)-ESTADIO,ROBERTO GOMES PEDROSA PCA S/N,,05653-070,8,4
49,-46679423,-23527917,355030860000121,3550308005055,61,PERDIZES,8,LAPA,Oeste,Oeste,SOC ESPORTIVA PALMEIRAS-ESTADIO,TURIASSU 1840,,05005-000,8,4
50,-46604560,-23553628,355030853000042,3550308005018,54,MOOCA,25,MOOCA,Leste,Leste 1,CLUBE ATLETICO JUVENTUS-ESTADIO,JAVARI 117,,,8,4
51,-46617424,-23523759,355030856000008,3550308005015,57,PARI,25,MOOCA,Leste,Leste 1,ASSOC PORT DE DESPORTOS-ESTADIO,"RUA DA PISCINA, 33",,03034-070,8,4
52,-46566317,-23526712,355030880000055,3550308005036,82,TATUAPE,25,MOOCA,Leste,Leste 1,ESPORTE CLUBE CORINTHIANS PTA-ESTÁDIO,JORGE S 777,,03087-000,8,4
53,-46727752,-23775222,355030855000143,3550308005299,56,PARELHEIROS,20,PARELHEIROS,Sul,Sul 2,GUARAPIRANGA GOLFE & COUNTRY CLUBE,ESTRADA DO JACEGUAVA  S/N,,04870-020,9,4
54,-46719560,-23731397,355030823000194,3550308005287,23,CIDADE DUTRA,19,CAPELA DO SOCORRO,Sul,Sul 2,C. C. DE SAO PAULO,PRACA ROCKFORD  28,,04826-140,9,4
55,-46682739,-23727702,355030823000080,3550308005218,23,CIDADE DUTRA,19,CAPELA DO SOCORRO,Sul,Sul 2,SESC INTERLAGOS,AV. MANOEL ALVES SOARES  1100,,04821-270,9,4
56,-46755406,-23719599,355030843000097,3550308005288,42,JARDIM ANGELA,18,M'BOI MIRIM,Sul,Sul 2,ESTRELA DA SAUDE FUTEBOL CLUBE,ESTRADA DE CUMBICA  475,,04947-000,9,4
57,-46743342,-23702705,355030846000242,3550308005221,45,JARDIM SAO LUIS,18,M'BOI MIRIM,Sul,Sul 2,CLUBE N. PAULISTA,ESTRADA DA RIVIERA  4359,,04918-000,9,4
58,-46741125,-23694713,355030846000205,3550308005221,45,JARDIM SAO LUIS,18,M'BOI MIRIM,Sul,Sul 2,YACHT CLUBE PAULISTA,ESTRADA DE ITUPU  1077,,04922-100,9,4
59,-46733911,-23703827,355030846000241,3550308005221,45,JARDIM SAO LUIS,18,M'BOI MIRIM,Sul,Sul 2,YACHT CLUB ITAUPU,RUA ITAUPU  500,,04928-260,9,4
60,-46751493,-23649075,355030846000140,3550308005229,45,JARDIM SAO LUIS,18,M'BOI MIRIM,Sul,Sul 2,A . A. B. B. SAO PAULO,ESTRADA DE ITAPECERICA  1935,,05835-005,9,4
61,-46757937,-23619466,355030817000133,3550308005234,17,CAMPO LIMPO,17,CAMPO LIMPO,Sul,Sul 2,G. R. CASAS PERNAMBUCANAS,ESTRADA DO CAMPO LIMPO 5525,,05787-000,9,4
62,-46753999,-23611904,355030817000012,3550308005234,17,CAMPO LIMPO,17,CAMPO LIMPO,Sul,Sul 2,C. E. CULTURAL DO TABOAO,RUA NESTOR DOS SANTOS LIMA  18,,05743-210,9,4
63,-46714329,-23712623,355030823000095,3550308005287,23,CIDADE DUTRA,19,CAPELA DO SOCORRO,Sul,Sul 2,C. C. DO CASTELO,RUA CELSO MANTOVANI  01,,04803-240,9,4
64,-46714995,-23692944,355030879000009,3550308005220,81,SOCORRO,19,CAPELA DO SOCORRO,Sul,Sul 2,A. D. C. ELETROPAULO DE SAO PAULO,PEIXE VIVO 155,,04772-100,9,4
65,-46717050,-23680106,355030879000003,3550308005220,81,SOCORRO,19,CAPELA DO SOCORRO,Sul,Sul 2,YACHT CLUB SANTO AMARO,RUA EDSON REGIS  481,,04770-050,9,4
66,-46716808,-23678987,355030879000003,3550308005220,81,SOCORRO,19,CAPELA DO SOCORRO,Sul,Sul 2,SAO PAULO YACHT CLUB,RUA FRANCISCO DE SEIXAS  225,,04770-060,9,4
67,-46712545,-23678353,355030879000003,3550308005220,81,SOCORRO,19,CAPELA DO SOCORRO,Sul,Sul 2,C. A. SAO PAULO,AV. ROBERT KENNEDY  1448,,04772-000,9,4
68,-46704550,-23660250,355030871000081,3550308005174,72,SANTO AMARO,14,SANTO AMARO,Sul,Sul 2,SAO PAULO GOLF CLUB,PRACA DOM FRANCISCO DE SOUZA  540,,04745-050,9,4
69,-46712335,-23652500,355030871000063,3550308005174,72,SANTO AMARO,14,SANTO AMARO,Sul,Sul 2,SESC SANTO AMARO,RUA AMADOR BUENO  505,,04752-000,9,4
70,-46706312,-23641750,355030871000015,3550308005174,72,SANTO AMARO,14,SANTO AMARO,Sul,Sul 2,CLUBE HIPICO DE SANTO AMARO,"RUA DR. VITO ROLIN DE FREITAS, 421",,04725-000,9,4
71,-46687078,-23610662,355030835000069,3550308005103,34,ITAIM BIBI,11,PINHEIROS,Oeste,Oeste,ACAI CLUBE,RUA PENSILVANIA  886,,04584-002,9,4
72,-46686958,-23605899,355030835000032,3550308005103,34,ITAIM BIBI,11,PINHEIROS,Oeste,Oeste,S. HIPICA PAULISTANA,RUA QUINTANA  206,,04569-010,9,4
73,-46758336,-23538258,355030841000034,3550308005108,40,JAGUARE,8,LAPA,Oeste,Oeste,CONTINENTAL PARQUE CLUBE,RUA AUGUSTO MEIRELES REIS NETO  018,,05325-090,9,4
74,-46730885,-23526454,355030888000040,3550308005107,90,VILA LEOPOLDINA,8,LAPA,Oeste,Oeste,CAT GASTAO VIDIGAL,RUA CARLOS WEBER  635,,05303-902,9,4
75,-46735007,-23471180,355030863000234,3550308005113,64,PIRITUBA,2,PIRITUBA,Norte,Norte 1,JARAGUA CLUBE CAMPESTRE,AV. DR. FELIPE PINEL  2008,,02939-000,9,4
76,-46715402,-23550688,355030802000041,3550308005106,02,ALTO DE PINHEIROS,11,PINHEIROS,Oeste,Oeste,ANHEMBI TENIS CLUBE,RUA ALEXANDRE HERCULANO  02,,05464-020,9,4
77,-46707505,-23557927,355030802000039,3550308005106,02,ALTO DE PINHEIROS,11,PINHEIROS,Oeste,Oeste,CLUBE ALTO DOS PINHEIROS,RUA GUERRA JUNQUEIRO 115,,05463-030,9,4
78,-46700179,-23527985,355030848000110,3550308005059,48,LAPA,8,LAPA,Oeste,Oeste,ALVI VERDE FUTEBOL CLUBE,RUA CATAO  901,,05049-000,9,4
79,-46688228,-23569802,355030862000099,3550308005053,63,PINHEIROS,11,PINHEIROS,Oeste,Oeste,SESC PINHEIROS,AV. REBOUCAS  2878,,05402-500,9,4
80,-46668964,-23573092,355030845000025,3550308005024,44,JARDIM PAULISTA,11,PINHEIROS,Oeste,Oeste,S. HARMONIA DE TENIS,RUA CANADA  658,,01436-000,9,4
81,-46678477,-23551371,355030862000088,3550308005054,63,PINHEIROS,11,PINHEIROS,Oeste,Oeste,CENT DE PRAT ESP DA USP(CEPEUSP)-CD,RUBIAO MEIRA PCA 61,,,9,2
82,-46666307,-23550007,355030826000019,3550308005013,26,CONSOLACAO,9,SE,Centro,Centro,NACIONAL CLUB,RUA ANGATUBA  703,,01247-090,9,4
83,-46672345,-23529911,355030806000003,3550308005029,06,BARRA FUNDA,8,LAPA,Oeste,Oeste,BABY BARIONI,GERMAINE BURCHARD D 451,,,9,2
84,-46683100,-23524958,355030860000138,3550308005057,61,PERDIZES,8,LAPA,Oeste,Oeste,SESC POMPEIA,RUA CLELIA  093,,05042-000,9,4
85,-46685640,-23517099,355030806000027,3550308005029,06,BARRA FUNDA,8,LAPA,Oeste,Oeste,NACIONAL ATLETICO CLUBE,RUA COMENDADOR SOUZA  348,,05037-090,9,4
86,-46741060,-23393789,355030861000130,3550308005242,62,PERUS,1,PERUS,Norte,Norte 1,CLUBE PIRATININGA DE TIRO,RUA DO PINHEIRINHO  552,,05215-000,9,4
87,-46650927,-23873789,355030855000302,3550308005302,56,PARELHEIROS,20,PARELHEIROS,Sul,Sul 2,CLUBE CAMPESTRE DE SAO PAULO,ESTRADA DA BARRAGEM  6500,,04895-020,9,4
88,-46651470,-23593138,355030832000003,3550308005049,53,MOEMA,12,VILA MARIANA,Sul,Sul 1,IPE CLUBE,RUA IPE  103,,04022-002,9,4
89,-46644902,-23624596,355030877000065,3550308005094,79,SAUDE,12,VILA MARIANA,Sul,Sul 1,C. E. HELVETIA,AV. INDIANOPOLIS  3145,,04063-006,9,4
90,-46645131,-23593776,355030890000176,3550308005046,92,VILA MARIANA,12,VILA MARIANA,Sul,Sul 1,CLUBE ADAMUS VOLEIBOL,RUA ESTADO DE ISRAEL  638,,04022-001,9,4
91,-46607423,-23633133,355030868000350,3550308005088,69,SACOMA,13,IPIRANGA,Sul,Sul 1,VAT PROF. CARLOS PASQUALE,RUA JULIO FELIPE GUEDES  138,,04174-340,9,4
92,-46653502,-23578556,355030832000035,3550308005049,53,MOEMA,12,VILA MARIANA,Sul,Sul 1,CONSTANCIO VAZ GUIMARAES-CD,ABILIO SOARES 1300,,,9,2
93,-46653975,-23572922,355030832000068,3550308005049,53,MOEMA,12,VILA MARIANA,Sul,Sul 1,A .R.C.E DE ASSIST.  DOS EMPR. DO GRUPO PÃO DE AÇÚCAR,AV. BRIG.  LUIS ANTONIO  3129,,01401-001,9,4
94,-46649190,-23573512,355030890000198,3550308005022,92,VILA MARIANA,12,VILA MARIANA,Sul,Sul 1,JOAO PAULO II-CD,RAFAEL DE BARROS DR 625,,,9,2
95,-46645292,-23574029,355030890000192,3550308005022,92,VILA MARIANA,12,VILA MARIANA,Sul,Sul 1,SESC PARAISO,RUA ABILIO SOARES  404,,04005-001,9,4
96,-46645721,-23569784,355030890000197,3550308005022,92,VILA MARIANA,12,VILA MARIANA,Sul,Sul 1,SESC PAULISTA,AV. PAULISTA. 119,,01311-903,9,4
97,-46649540,-23566460,355030845000154,3550308005023,07,BELA VISTA,9,SE,Centro,Centro,CLUB HOMS,AV. PAULISTA  735,,01311-100,9,4
98,-46643684,-23580988,355030890000136,3550308005021,92,VILA MARIANA,12,VILA MARIANA,Sul,Sul 1,SESC VILA MARIANA,RUA PELOTAS  141,,04012-000,9,4
99,-46649773,-23545979,355030826000058,3550308005012,26,CONSOLACAO,9,SE,Centro,Centro,SESC CONSOLACAO,RUA DR. VILA NOVA   245,,01222-020,9,4
100,-46643017,-23544970,355030866000012,3550308005003,67,REPUBLICA,9,SE,Centro,Centro,CIRCULO ITALIANO SAN PAOLO,RUA SAO LUIZ  50,,01048-000,9,4
101,-46641389,-23544891,355030866000001,3550308005003,67,REPUBLICA,9,SE,Centro,Centro,TELESP CLUBE DE SAO PAULO,RUA SETE DE ABRIL  295 20 ANDAR,,01043-000,9,4
102,-46629960,-23551334,355030878000013,3550308005001,80,SE,9,SE,Centro,Centro,SESC CARMO,RUA DO CARMO   147,,01019-020,9,4
103,-46639719,-23543621,355030866000002,3550308005003,67,REPUBLICA,9,SE,Centro,Centro,SESC 24 DE MAIO,RUA 24 DE MAIO C/ RUA D. JOSÉ DE BARROS,SANTA CECÍLIA,,9,4
104,-46607424,-23583554,355030834000009,3550308005019,33,IPIRANGA,13,IPIRANGA,Sul,Sul 1,CAT ROBERTO SIMONSEN,RUA BOM PASTOR  854,,04203-000,9,4
105,-46607452,-23583262,355030834000009,3550308005019,33,IPIRANGA,13,IPIRANGA,Sul,Sul 1,SESC IPIRANGA,RUA BOM PASTOR  822,,04203-000,9,4
106,-46599778,-23534952,355030808000027,3550308005016,08,BELEM,25,MOOCA,Leste,Leste 1,CAT ANTONIO DEVISATE,RUA CATUMBI  318,,03021-000,9,4
107,-46598318,-23533350,355030808000018,3550308005016,08,BELEM,25,MOOCA,Leste,Leste 1,A. A. GOODYEAR,RUA DOS PRAZERES 284,,03021-080,9,4
108,-46630491,-23520625,355030809000018,3550308005004,09,BOM RETIRO,9,SE,Centro,Centro,CLUBE DE REGATAS TIETE,SANTOS DUMONT AV 843,,01101-060,9,4
109,-46641940,-23480017,355030851000044,3550308005129,51,MANDAQUI,5,SANTANA-TUCURUVI,Norte,Norte 2,LAUZANE PAULISTA FUTEBOL CLUBE,RUA MARIA BANDINI SAVOY  172,,02452-002,9,4
110,-46612954,-23494929,355030870000220,3550308005064,71,SANTANA,5,SANTANA-TUCURUVI,Norte,Norte 2,SESC SANTANA,"RUA VIRI,  364",SANTANA,,9,4
111,-46615730,-23478292,355030882000069,3550308005131,84,TUCURUVI,5,SANTANA-TUCURUVI,Norte,Norte 2,ACRE CLUBE,RUA GAURAMA  540,,02339-202,9,4
112,-46616042,-23463680,355030882000128,3550308005131,84,TUCURUVI,5,SANTANA-TUCURUVI,Norte,Norte 2,CIRCULO ESP. ISRAELITA BRAS MACABI,AV. NOVA CANTAREIRA  4120,,02340-001,9,4
113,-46584337,-23545517,355030808000021,3550308005016,08,BELEM,25,MOOCA,Leste,Leste 1,SESC BELENZINHO,AV. ALVARO RAMOS  991,,,9,4
114,-46583016,-23548565,355030808000047,3550308005016,08,BELEM,25,MOOCA,Leste,Leste 1,LEAO DO NORTE FUTEBOL CLUBE,RUA PASSAROLA  85,,03178-210,9,4
115,-46592111,-23530518,355030808000008,3550308005016,08,BELEM,25,MOOCA,Leste,Leste 1,A. D. P. M. SAO PAULO,AV. CONDESSA ELIZABETH RUBIAO  500,,03074-000,9,4
116,-46586887,-23458261,355030881000090,3550308005133,83,TREMEMBE,6,JACANA-TREMEMBE,Norte,Norte 2,C. C. A. A. GUAPIRA,RUA DR. JOSE CAMARGO ARANHA  404,,02317-180,9,4
117,-46477482,-23536209,355030805000140,3550308005146,05,ARTUR ALVIM,21,PENHA,Leste,Leste 1,CAT MARIO AMATO,RUA DEODATO SARAIVA DA SILVA  SILVA,,03594-090,9,4
118,-46460995,-23581209,355030857000087,3550308005205,58,PARQUE DO CARMO,27,ITAQUERA,Leste,Leste 2,SESC ITAQUERA,AV. FERNANDO DO E. S. ALVES MATTOS,,08265-045,9,4
119,-46729343,-23670491,355030846000104,3550308005222,45,JARDIM SAO LUIS,18,M'BOI MIRIM,Sul,Sul 2,CLUBE ATLETICO INDIANO-GINASIO,"AV. FRANCISCO NÓBREGA BARBOSA, 411",,04902-000,10,4
120,-46704869,-23598310,355030854000004,3550308005104,55,MORUMBI,10,BUTANTA,Oeste,Oeste,CLUBE PAINEIRAS DO MORUMBI-GINASIO,ALBERTO PENTEADO DR AV 605,,05678-000,10,4
121,-46688909,-23629301,355030871000021,3550308005173,72,SANTO AMARO,14,SANTO AMARO,Sul,Sul 2,ESPORTE CLUBE BANESPA-GINASIO,AMARO STO AV 5355,,04701-000,10,4
122,-46693605,-23578133,355030862000163,3550308005053,63,PINHEIROS,11,PINHEIROS,Oeste,Oeste,A BRASILEIRA HEBRAICA DE SP-GINASIO,HUNGRIA 1000,,01455-940,10,4
123,-46685871,-23579219,355030862000118,3550308005053,63,PINHEIROS,11,PINHEIROS,Oeste,Oeste,ESPORTE CLUBE PINHEIROS-GINASIO,TUCUMA 142,,,10,4
124,-46668483,-23568018,355030845000025,3550308005024,44,JARDIM PAULISTA,11,PINHEIROS,Oeste,Oeste,CLUBE ATLETICO PAULISTANO-GINASIO,HONDURAS 1400,,01428-900,10,4
125,-46659457,-23598703,355030832000002,3550308005049,53,MOEMA,12,VILA MARIANA,Sul,Sul 1,CLUBE ATLETICO MONTE LIBANO-GINASIO,REPUBLICA DO LIBANO AV 2267,,04501-003,10,4
126,-46652453,-23608450,355030877000098,3550308005094,79,SAUDE,12,VILA MARIANA,Sul,Sul 1,ESPORTE CLUBE SIRIO-GINASIO,INDIANOPOLIS AV 1192,,04062-001,10,4
127,-46655095,-23579593,355030832000036,3550308005049,53,MOEMA,12,VILA MARIANA,Sul,Sul 1,CIRCULO MILITAR DE S PAULO-GINASIO,ABILIO SOARES 1589,,04005-005,10,4
128,-46637545,-23572241,355030849000101,3550308005007,49,LIBERDADE,9,SE,Centro,Centro,TENIS CLUBE PAULISTA-GINASIO,"RUA GUALACHOS, 285",,01533-020,10,4
129,-46602029,-23576895,355030834000048,3550308005019,33,IPIRANGA,13,IPIRANGA,Sul,Sul 1,CLUBE ATLETICO IPIRANGA-GINASIO,MANIFESTO DO 475,,04209-000,10,4
130,-46629798,-23515977,355030870000060,3550308005064,71,SANTANA,5,SANTANA-TUCURUVI,Norte,Norte 2,CLUBE ESPERIA-GINASIO,SANTOS DUMONT AV 1313,,02012-010,10,4
131,-46599367,-23507200,355030886000007,3550308005031,88,VILA GUILHERME,7,VILA MARIA-VILA GUILHERME,Norte,Norte 2,DUED 134 GINÁSIO DARCY REIS,"AVENIDA  GUILHERME, 1819",VILA GUILHERME,02053-003,10,1
132,-46713329,-23848498,355030855000054,3550308005302,56,PARELHEIROS,20,PARELHEIROS,Sul,Sul 2,CDM PARELHEIROS,"ESTRADA DA COLONIA, 112",JARDIM SÃO GONÇALO,04851-030,11,1
133,-46715728,-23788955,355030855000039,3550308005301,56,PARELHEIROS,20,PARELHEIROS,Sul,Sul 2,CDM JARDIM HERPLIN,"RUA  CARLOS AUGUSTO BARROSO, 103",Jardim Herplin,04886-050,11,1
134,-46706020,-23757341,355030830000152,3550308005285,30,GRAJAU,19,CAPELA DO SOCORRO,Sul,Sul 2,CDM JARDIM PETRONITA,"RUA  JOÃO AMÓS COMENIUS, 1673",Jdim São Bernardo,04844-420,11,1
135,-46708967,-23727793,355030823000050,3550308005287,23,CIDADE DUTRA,19,CAPELA DO SOCORRO,Sul,Sul 2,CDM MOCIDADE ATIVA CRISTÃ,"RUA SANTO ANTONIO DO CANTARO, 100",J. RIO BONITO,04829-090,11,1
136,-46691198,-23735845,355030830000284,3550308005283,30,GRAJAU,19,CAPELA DO SOCORRO,Sul,Sul 2,CDM TANCREDO NEVES,RUA  ROSALIA CRISI SANDOVAL,PRAÇA AMÉRICA,04841-060,11,1
137,-46689085,-23737923,355030830000066,3550308005283,30,GRAJAU,19,CAPELA DO SOCORRO,Sul,Sul 2,CDM PARQUE AMÉRICA,"RUA  ROSALIA GIANINI CONDE, 272",Pque America,04841-150,11,1
138,-46669607,-23753876,355030830000115,3550308005280,30,GRAJAU,19,CAPELA DO SOCORRO,Sul,Sul 2,CDM JARDIM ELIANA,"RUA  ANTONIO LOPES MEDEIROS, 66",Jardim ELIANA,04851-100,11,1
139,-46788869,-23680693,355030819000253,3550308005295,19,CAPAO REDONDO,17,CAMPO LIMPO,Sul,Sul 2,CENTRO ESPORTIVO ASSOCIAÇÃO EVANGÉLICA BENEFICENTE,"RUA  LUIS DE OLIVEIRA, 140",VALO  VELHO,05886-120,11,1
140,-46752774,-23667080,355030846000136,3550308005224,45,JARDIM SAO LUIS,18,M'BOI MIRIM,Sul,Sul 2,CDM GETÚLIO DORNELES VARGAS,"RUA  SEBASTIÃO MUNIZ DE SOUZA, 122",PQ.STO.ANTONIO,05821-150,11,1
141,-46740003,-23689240,355030846000157,3550308005221,45,JARDIM SAO LUIS,18,M'BOI MIRIM,Sul,Sul 2,CDM SÃO FRANCISCO,RUA  VERDUM / TAMAULIPAS,J. S. FRANCISCO,04918-230,11,1
142,-46734918,-23671640,355030846000048,3550308005222,45,JARDIM SAO LUIS,18,M'BOI MIRIM,Sul,Sul 2,CDM IV CENTENÁRIO,"RUA  JOÃO SCALÃO, 5",JARDIM TUPÃ,04904-050,11,1
143,-46729976,-23658918,355030846000236,3550308005225,45,JARDIM SAO LUIS,18,M'BOI MIRIM,Sul,Sul 2,CDM SÃO LUIZ I,"RUA  ACÉDIO JOSÉ FONTENELLE, 26",J. IBIRAPUERA,05814-100,11,1
144,-46776695,-23648743,355030817000217,3550308005237,17,CAMPO LIMPO,17,CAMPO LIMPO,Sul,Sul 2,CDM BENTO BICUDO,"RUA CORONEL BENTO BICUDO, 350",PIQUERI,02912-010,11,1
145,-46773101,-23645982,355030817000313,3550308005237,17,CAMPO LIMPO,17,CAMPO LIMPO,Sul,Sul 2,CDM UNIÃO ULEROMÃ,"RUA  GUERREIRO, 31",J. ROSANA,05795-210,11,1
146,-46763246,-23637144,355030817000015,3550308005235,17,CAMPO LIMPO,17,CAMPO LIMPO,Sul,Sul 2,CDM ESPORTE CLUBE DO SAPY,"RUA  MANOEL GRANDINI CASQUEL, 137",JARDIM CATANDUVA,05767-460,11,1
147,-46763854,-23631633,355030817000011,3550308005235,17,CAMPO LIMPO,17,CAMPO LIMPO,Sul,Sul 2,CDM JARDIM MARTINICA,"RUA  ROQUE DE MINGO, 550",JARDIM MARTINICA,05759-290,11,1
148,-46757364,-23644519,355030817000111,3550308005237,17,CAMPO LIMPO,17,CAMPO LIMPO,Sul,Sul 2,CDM MORUMBI SUL,RUA NOSSA SENHORA DO BOM CONSELHO / LIRA CEARENSE,CHACARA N.SENª DO BOM CONSELHO,05763-470,11,1
149,-46746979,-23650889,355030846000253,3550308005229,45,JARDIM SAO LUIS,18,M'BOI MIRIM,Sul,Sul 2,CDM UNIÃO BRASILIENSE DE ESPORTES,"RUA  AMANCIO PEDRO OLIVEIRA, 385",Vila Maracanã,05846-050,11,1
150,-46756260,-23633081,355030817000063,3550308005233,17,CAMPO LIMPO,17,CAMPO LIMPO,Sul,Sul 2,CDM PARQUE REGINA,RUA  INACIO MANUEL TOURINHO,Parque Regina,05773-070,11,1
151,-46749350,-23638636,355030817000209,3550308005233,17,CAMPO LIMPO,17,CAMPO LIMPO,Sul,Sul 2,CDM PORINGÁ,"RUA  FRANCISCO SOARES, 12",Jardim Inga,05774-300,11,1
152,-46755412,-23617543,355030817000135,3550308005234,17,CAMPO LIMPO,17,CAMPO LIMPO,Sul,Sul 2,CDM CLEUZA BUENO,"RUA  JARACATIA, 20",JARDIM UMARIZAL,05754-070,11,1
153,-46754332,-23598915,355030894000199,3550308005181,96,VILA SONIA,10,BUTANTA,Oeste,Oeste,CDM FRANCISCO MACHADO DE CAMPOS,"RUA  BERNARDO BUONTALENTI, 63",JARDIM CELESTE,05527-210,11,1
154,-46747756,-23601889,355030894000032,3550308005179,96,VILA SONIA,10,BUTANTA,Oeste,Oeste,CDM VICTOR MARQUES DOS SANTOS,"AVENIDA  PIRAJUSSARA, 5000",J. JUSSARA,05534-000,11,1
155,-46730032,-23601495,355030894000046,3550308005178,96,VILA SONIA,10,BUTANTA,Oeste,Oeste,CDM FRANCISCO PRESTES MAIA,"RUA  JOSÉ CAPOBIANCO, 232",JARDIM COLOMBO,05628-080,11,1
156,-46727868,-23601410,355030894000046,3550308005178,96,VILA SONIA,10,BUTANTA,Oeste,Oeste,CDM PEQUENINOS DO JOCKEY,"RUA FREI BONIFÁCIO DUX, 150",JARDIM COLOMBO,05629-000,11,1
157,-46708435,-23713523,355030823000095,3550308005287,23,CIDADE DUTRA,19,CAPELA DO SOCORRO,Sul,Sul 2,CDM IATISMO,"AVENIDA  ROBERT KENNEDY, 5300",SOCORRO,04805-000,11,1
158,-46703054,-23710218,355030823000062,3550308005287,23,CIDADE DUTRA,19,CAPELA DO SOCORRO,Sul,Sul 2,CDM ÉBANOS,"RUA SÃO GUILHERME, 515",CIDADE DUTRA- Guia-343-T03,04806-040,11,1
159,-46699019,-23722436,355030823000018,3550308005219,23,CIDADE DUTRA,19,CAPELA DO SOCORRO,Sul,Sul 2,CDM JARDIM CLIPPER,RUA  LUCÍLO  VAREJÃO,JARDIM CLIPER,04827-240,11,1
160,-46708542,-23692527,355030879000041,3550308005220,81,SOCORRO,19,CAPELA DO SOCORRO,Sul,Sul 2,CDM JARDIM SUZANA,"RUA  MADAGASCAR, 179",JARDIM SUZANA,04784-220,11,1
161,-46712320,-23683183,355030879000048,3550308005220,81,SOCORRO,19,CAPELA DO SOCORRO,Sul,Sul 2,CDM VELEIROS,"RUA DAS PAINERAS, 500",JARDIM DOS LAGOS,04771-080,11,1
162,-46711288,-23684900,355030879000052,3550308005220,81,SOCORRO,19,CAPELA DO SOCORRO,Sul,Sul 2,CDM IPASURE,"AVENIDA  IPANEMA, 841",VELEIROS- Guia 287-F29,04773-010,11,1
163,-46697572,-23671666,355030816000054,3550308005171,16,CAMPO GRANDE,14,SANTO AMARO,Sul,Sul 2,CDM JURUBATUBA,"RUA  ADÃO NORBERTO DE ANDRADE, 185",JURUBATUBA,04675-150,11,1
164,-46694534,-23671373,355030816000054,3550308005171,16,CAMPO GRANDE,14,SANTO AMARO,Sul,Sul 2,CDM MARIA FELIZARDA,"RUA  SALIM ANTONIO CURIATI, 225",JURUBATUBA,04690-050,11,1
165,-46701468,-23661212,355030816000170,3550308005171,16,CAMPO GRANDE,14,SANTO AMARO,Sul,Sul 2,CDM BRASIMET - PARENTES UNIDOS,"RUA  HERBERT ALFRED LANDSBERGER, 330",SANTO AMARO,04662-020,11,1
166,-46692263,-23709530,355030823000067,3550308005217,23,CIDADE DUTRA,19,CAPELA DO SOCORRO,Sul,Sul 2,CDM CIDADE DUTRA,"RUA  ANGELINA REGOLIM CARDOSO DE MENDONÇA, 18",Jardim Regis- Guia -344-F05,04811-150,11,1
167,-46690082,-23714400,355030823000014,3550308005217,23,CIDADE DUTRA,19,CAPELA DO SOCORRO,Sul,Sul 2,CDM LOURENÇO CABRERA,"AVENIDA  LOURENÇO CABRERA, 504",JARDIM ANA LÚCIA,04812-010,11,1
168,-46685827,-23711234,355030823000143,3550308005217,23,CIDADE DUTRA,19,CAPELA DO SOCORRO,Sul,Sul 2,CDM JOSÉ ALEXANDRE DE FARIA,"AVENIDA  GREGÓRIO BEZERRA, 451",Jdim Primavera,04812-200,11,1
169,-46694215,-23677181,355030816000039,3550308005171,16,CAMPO GRANDE,14,SANTO AMARO,Sul,Sul 2,CDM BOLA  PRETA,"AVENIDA ENGENHEIRA EUSÉBIO STEVAUX, 2229",JURUBATUBA,04696-000,11,1
170,-46690112,-23677181,355030816000009,3550308005171,16,CAMPO GRANDE,14,SANTO AMARO,Sul,Sul 2,CDM CAMPO GRANDE 1,"RUA PROFESSORA HAIDEE SILVA MARTINS, 517",JARDIM CAMPO GRANDE,04693-030,11,1
171,-46690165,-23676498,355030816000021,3550308005171,16,CAMPO GRANDE,14,SANTO AMARO,Sul,Sul 2,CDM BANDEIRANTES,"RUA  ALCEU ANTONIO DA LUZ, 515",JARDIM CAMPO GRANDE,04693-150,11,1
172,-46691997,-23672553,355030816000039,3550308005171,16,CAMPO GRANDE,14,SANTO AMARO,Sul,Sul 2,CDM ESTRELA DO CAMPO GRANDE 2,"RUA  ALVARO AFONSO, 400",VILA GEA,04691-030,11,1
173,-46692616,-23666053,355030816000069,3550308005171,16,CAMPO GRANDE,14,SANTO AMARO,Sul,Sul 2,CDM VILA ANHANGUERA,"RUA  MARCELINO ZONTA, 316",JARDIM JOÁ,04688-000,11,1
174,-46665718,-23691066,355030858000112,3550308005213,59,PEDREIRA,16,CIDADE ADEMAR,Sul,Sul 2,CDM MAR PAULISTA E REPRESA NOVA,"RUA  GANDARA DE OLIVAIS, 17",V. APARECIDA,04469-110,11,1
175,-46695223,-23609617,355030835000074,3550308005050,34,ITAIM BIBI,11,PINHEIROS,Oeste,Oeste,CDM REINALDÃO,"RUA  ARIZONA, 1554",CIDADE MONÇÕES,04567-008,11,1
176,-46694540,-23605779,355030835000190,3550308005050,34,ITAIM BIBI,11,PINHEIROS,Oeste,Oeste,CDM IBIRAPUERA,"RUA  SANSÃO ALVES DOS SANTOS, 1000",CIDADE MONÇÕES,04571-090,11,1
177,-46680029,-23604369,355030835000015,3550308005103,34,ITAIM BIBI,11,PINHEIROS,Oeste,Oeste,CDM SÃO PAULO,"RUA  RIBEIRO DO VALE, 1550",CIDADE MONÇÕES,04568-004,11,1
178,-46663506,-23625474,355030815000060,3550308005100,15,CAMPO BELO,14,SANTO AMARO,Sul,Sul 2,CDM AMIGOS DE MOEMA,"RUA  SAPOTI, 20",CAMPO BELO,04615-040,11,1
179,-46674137,-23597678,355030835000011,3550308005102,34,ITAIM BIBI,11,PINHEIROS,Oeste,Oeste,CDM VILA OLÍMPIA,"RUA  HELION POVOA, 126",VILA OLIMPIA,04546-080,11,1
180,-46769738,-23585372,355030865000008,3550308005238,66,RAPOSO TAVARES,10,BUTANTA,Oeste,Oeste,CDM ALVARO GOMES DA ROCHA AZEVEDO,"RUA  JOSÉ BORGES DA SILVA, 66",JARDIM MARIA AUGUSTA,05546-160,11,1
181,-46755421,-23582235,355030867000194,3550308005183,68,RIO PEQUENO,10,BUTANTA,Oeste,Oeste,CDM RAYMUNDO DA SILVA DUPRAT,RUA  RAFAEL BARBOSA,J. MARIA LUIZA,05371-080,11,1
182,-46744910,-23590794,355030894000037,3550308005181,96,VILA SONIA,10,BUTANTA,Oeste,Oeste,CDM JARDIM DAS VERTENTES,"RUA  JOÃO CORREA DA SILVA, 100",J.das Vertentes,05541-200,11,1
183,-46743078,-23574473,355030867000224,3550308005184,68,RIO PEQUENO,10,BUTANTA,Oeste,Oeste,CDM JOSÉ PIRES DO RIO,"RUA  MAGNOLIA DELFIM DA SILVA, 67",JARDIM ODETE,05363-040,11,1
184,-46758722,-23535777,355030841000034,3550308005108,40,JAGUARE,8,LAPA,Oeste,Oeste,CDM PARQUE CONTINENTAL,"AVENIDA DOUTOR FRANCISCO DE PAULA VICENTE DE AZEVEDO, 555",PARQUE CONTINENTAL,05325-020,11,1
185,-46751730,-23543078,355030841000021,3550308005108,40,JAGUARE,8,LAPA,Oeste,Oeste,CDM JAGUARÉ,"AVENIDA PRESIDENTE ALTINO / FLORESTO BANDECCHI,",JAGUARÉ,05323-000,11,1
186,-46745468,-23516639,355030840000007,3550308005109,39,JAGUARA,8,LAPA,Oeste,Oeste,CDM VILA JAGUARA,"RUA  MICHEL HADDAD, 23",VILA JAGUARA,05118-070,11,1
187,-46741325,-23515477,355030840000002,3550308005109,39,JAGUARA,8,LAPA,Oeste,Oeste,CDM JACENA,"RUA DOM PEDRO HENRIQUE DE ORLEANS E BRAGANÇA, 179",VILA JAGUARA,05117-000,11,1
188,-46741413,-23502429,355030895000025,3550308005110,73,SAO DOMINGOS,2,PIRITUBA,Norte,Norte 1,CDM VILA MANGALOT,"RUA  JOAQUIM PEREIRA LIMA, 48",PARQUE JOÃO DOMINGOS,05126-100,11,1
189,-46746801,-23492372,355030895000014,3550308005110,73,SAO DOMINGOS,2,PIRITUBA,Norte,Norte 1,CDM JARDIM SANTO ELIAS,"RUA GENERAL LAURO C. FARIAS, 171",JARDIM MANGALOT,05135-000,11,1
190,-46732568,-23485080,355030863000006,3550308005113,64,PIRITUBA,2,PIRITUBA,Norte,Norte 1,CDM LÍBANO,"RUA  JOSÉ QUEIRÓZ DOS SANTOS, 163",JARDIM LIBANO,05138-080,11,1
191,-46730902,-23484808,355030863000005,3550308005113,64,PIRITUBA,2,PIRITUBA,Norte,Norte 1,CDM JARDIM LIBANO,"RUA  ADALBERTO KURT, 475",JARDIM LIBANO,05138-080,11,1
192,-46742553,-23473617,355030863000090,3550308005113,64,PIRITUBA,2,PIRITUBA,Norte,Norte 1,CDM JARDIM REGINA,"RUA  PIRAPOZINHO, 117",JARDIM REGINA,05171-200,11,1
193,-46700706,-23534764,355030848000044,3550308005059,48,LAPA,8,LAPA,Oeste,Oeste,CDM CITY,"RUA  SEPETIBA, 660",VILA CICILIANO,05052-000,11,1
194,-46704719,-23512666,355030848000062,3550308005058,48,LAPA,8,LAPA,Oeste,Oeste,CDM MAURO BEZERRA PINHEIRO,"RUA  MARINA CIUFULI ZANFELICE, 61",LAPA,05040-000,11,1
195,-46700059,-23503286,355030829000082,3550308005116,29,FREGUESIA DO O,3,FREGUESIA-BRASILANDIA,Norte,Norte 1,CDM VILA ARCÁDIA,"RUA  BRUNO BERTUCCI, 187",VILA ARCÁDIA,02910-100,11,1
196,-46722910,-23483098,355030863000002,3550308005113,64,PIRITUBA,2,PIRITUBA,Norte,Norte 1,CDM LIDERANÇA,"RUA  CORAÇÃO DE BUGRE, 100",JARDIM CIDADE PIRITUBA,02945-010,11,1
197,-46713230,-23487373,355030863000054,3550308005115,64,PIRITUBA,2,PIRITUBA,Norte,Norte 1,CDM JARDIM SÃO JOSÉ,"RUA  MANUEL D'ELBOUX, 30",VILA PEREIRA CERCA,02932-110,11,1
198,-46710883,-23479765,355030863000100,3550308005115,64,PIRITUBA,2,PIRITUBA,Norte,Norte 1,CDM VILA MIRIAM,"RUA  ANTONIO BIANCHI, 282",VILA MIRIAM,02972-040,11,1
199,-46702726,-23489789,355030829000188,3550308005116,29,FREGUESIA DO O,3,FREGUESIA-BRASILANDIA,Norte,Norte 1,CDM NOSSA SENHORA DO Ó,"RUA  UBALDO DA COSTA LEITE, 55",VILA CAVATON,02962-080,11,1
200,-46704430,-23478903,355030829000114,3550308005116,29,FREGUESIA DO O,3,FREGUESIA-BRASILANDIA,Norte,Norte 1,CDM MARIA ROSA GONÇALVES,"RUA  FORTUNATO SIMÕES, 176",VILA MIRIAM,02967-080,11,1
201,-46700381,-23492364,355030829000008,3550308005116,29,FREGUESIA DO O,3,FREGUESIA-BRASILANDIA,Norte,Norte 1,CDM TRINTA E UM DE MARÇO,"AVENIDA MINISTRO PETRÔNIO PORTELA, Nº 767",VILA AMÉLIA,02959-000,11,1
202,-46702121,-23482184,355030829000059,3550308005116,29,FREGUESIA DO O,3,FREGUESIA-BRASILANDIA,Norte,Norte 1,CDM SIMÕES UNIDOS,"RUA  JOAQUIM REZENDE, 421",VILA MARINA,02967-170,11,1
203,-46698773,-23475450,355030829000139,3550308005119,29,FREGUESIA DO O,3,FREGUESIA-BRASILANDIA,Norte,Norte 1,CDM AUGOSTINHO VIEIRA,"ESTRADA DO SABÃO, 800",VILA BRASILANDIA,02806-000,11,1
204,-46698384,-23473759,355030829000141,3550308005119,29,FREGUESIA DO O,3,FREGUESIA-BRASILANDIA,Norte,Norte 1,CDM JARDIM GUARAÚ E GONÇALVES CENTENO,"RUA  SALDANHA DE OLIVEIRA, 60",JARDIM MARISTELA,02806-050,11,1
205,-46693667,-23499603,355030829000045,3550308005117,29,FREGUESIA DO O,3,FREGUESIA-BRASILANDIA,Norte,Norte 1,CDM VILA ALBERTINA,RUA  RIBEIRO DE MORAIS,VILA ALBERTINA,02731-030,11,1
206,-46692796,-23498938,355030829000185,3550308005117,29,FREGUESIA DO O,3,FREGUESIA-BRASILANDIA,Norte,Norte 1,CDM CLIPPER,"RUA  PASCOAL DA COSTA, 4",VILA ALBERTINA,02730-020,11,1
207,-46685465,-23498259,355030829000195,3550308005117,29,FREGUESIA DO O,3,FREGUESIA-BRASILANDIA,Norte,Norte 1,CDM VILA PALMEIRAS,"AVENIDA  INAJAR DE SOUSA, 829",LIMÃO,02716-000,11,1
208,-46691417,-23492497,355030829000174,3550308005117,29,FREGUESIA DO O,3,FREGUESIA-BRASILANDIA,Norte,Norte 1,CDM SÃO MARCOS,"RUA  BAIÃO PARENTE, 96",VILA PRIMAVERA,02735-000,11,1
209,-46688880,-23479511,355030829000102,3550308005118,29,FREGUESIA DO O,3,FREGUESIA-BRASILANDIA,Norte,Norte 1,CDM ELÍSIO SIQUEIRA,"RUA ENGENHEIRO ALBERTO MEYER, 318",PARQUE SÃO LUIZ,02841-180,11,1
210,-46681800,-23473721,355030811000351,3550308005121,11,BRASILANDIA,3,FREGUESIA-BRASILANDIA,Norte,Norte 1,CDM VILA PENTEADO,"RUA REVERENDO CARLOS WESLY, 336",VILA PENTEADO,02864-070,11,1
211,-46677982,-23490550,355030850000013,3550308005061,50,LIMAO,4,CASA VERDE-CACHOEIRINHA,Norte,Norte 1,CDM UNIDOS DA VILA SANTA MARIA,"RUA  MARIA LIMA, 153 (rua Benigno)",VILA MARIA LUIZA,02754-040,11,1
212,-46670609,-23472852,355030811000153,3550308005121,11,BRASILANDIA,3,FREGUESIA-BRASILANDIA,Norte,Norte 1,CDM VILA RICA II,"RUA DEPUTADO RUA DEPUTADO FERNANDO FERRARI, 43",VILA RICA,02860-100,11,1
213,-46677710,-23464900,355030811000060,3550308005121,11,BRASILANDIA,3,FREGUESIA-BRASILANDIA,Norte,Norte 1,CDM TIETE E SOUZA,RUA  DANIEL PEREIRA,JARDIM ONDINA,02870-010,11,1
214,-46662065,-23473289,355030813000075,3550308005124,13,CACHOEIRINHA,4,CASA VERDE-CACHOEIRINHA,Norte,Norte 1,CDM DE VILA NOVA CACHOEIRINHA - VINOCA,"RUA  VICTOR ROGER, 35",VILA NOVA CACHOEIRINHA,02612-100,11,1
215,-46669817,-23469389,355030813000079,3550308005125,13,CACHOEIRINHA,4,CASA VERDE-CACHOEIRINHA,Norte,Norte 1,CDM JARDIM CACHOEIRA,"AVENIDA  INAJAR DE SOUSA, 5300",JARDIM CACHOEIRA,02762-030,11,1
216,-46789002,-23438712,355030803000006,3550308005307,03,ANHANGUERA,1,PERUS,Norte,Norte 1,CDM CORONEL JOSÉ GLADIADOR,"RUA  HERCULANO JOSÉ DOS SANTOS, 40",JARDIM ANHANGUERA,05265-000,11,1
217,-46762368,-23403504,355030861000021,3550308005243,62,PERUS,1,PERUS,Norte,Norte 1,CDM PERUS,"RUA  MOGEIRO, 1031",VILA PERÚS,05208-230,11,1
218,-46750843,-23437136,355030842000151,3550308005185,41,JARAGUA,2,PIRITUBA,Norte,Norte 1,CDM CIDADE D'ABRIL III,RUA  PERA MARMELO,JARDIM SANTA LUCRÉCIA,05185-420,11,1
219,-46714717,-23434693,355030842000072,3550308005309,41,JARAGUA,2,PIRITUBA,Norte,Norte 1,CDM PARADA DE TAIPAS,RUA  FRAGATA CONSTITUIÇÃO,PARQUE TAIPAS,02986-100,11,1
220,-46677318,-23449910,355030811000207,3550308005189,11,BRASILANDIA,3,FREGUESIA-BRASILANDIA,Norte,Norte 1,CDM ITAGUAÇU,"AVENIDA GENERAL PENHA BRASIL, 2770 / CABUÇU",VILA BRASILANDIA,02673-000,11,1
221,-46639545,-23701344,355030858000056,3550308005214,59,PEDREIRA,16,CIDADE ADEMAR,Sul,Sul 2,CDM PARQUE DOROTÉIA,RUA  MIGUEL FLETA / CARLOS DE R. ENOUT,PARQUE DOROTÉIA,04474-310,11,1
222,-46650237,-23685318,355030822000353,3550308005168,22,CIDADE ADEMAR,16,CIDADE ADEMAR,Sul,Sul 2,CDM VILA MISSIONÁRIA,"RUA DOM FREDERICO COSTA, 71",VILA MISSIONÁRIA,04430-300,11,1
223,-46659110,-23658448,355030838000068,3550308005162,37,JABAQUARA,15,JABAQUARA,Sul,Sul 1,CDM FERRADURA,"RUA  ADELINO DA FONTOURA, 404",JD. JABAQUARA,04383-000,11,1
224,-46658194,-23639795,355030815000081,3550308005100,15,CAMPO BELO,14,SANTO AMARO,Sul,Sul 2,CDM CONGONHAS,"PRAÇA  JOUBERT DE CARVALHO, 10",JARDIM AEROPORTO,04358-060,11,1
225,-46636336,-23633407,355030838000190,3550308005093,37,JABAQUARA,15,JABAQUARA,Sul,Sul 1,CDM UNIDOS DA VILA GUARANI,"AVENIDA  LEONARDO DA VINCI, 01",VILA GUARANI,04313-000,11,1
226,-46646321,-23594825,355030890000176,3550308005046,92,VILA MARIANA,12,VILA MARIANA,Sul,Sul 1,CDM VILA CLEMENTINO,"RUA DOUTOR DIOGO DE FARIA, 1084",VILA CLEMENTINO,04037-003,11,1
227,-46599413,-23637587,355030868000058,3550308005305,69,SACOMA,13,IPIRANGA,Sul,Sul 1,CDM JARDIM MARISTELA E SANTA CRUZ,"RUA  KURT ENGELHART, 105",JD. MARIA ESTELA,04180-130,11,1
228,-46614939,-23615418,355030827000019,3550308005044,27,CURSINO,13,IPIRANGA,Sul,Sul 1,CDM CASTÚLIO DO AMARAL,"RUA  PIERRE CURIE, 286",JARDIM DA SAÚDE,04290-050,11,1
229,-46627819,-23598130,355030890000115,3550308005046,92,VILA MARIANA,12,VILA MARIANA,Sul,Sul 1,CDM JORGE TIBIRIÇA,"RUA  JORGE TIBIRIÇA, 700",VILA MARIANA,04126-001,11,1
230,-46603615,-23615214,355030868000163,3550308005085,69,SACOMA,13,IPIRANGA,Sul,Sul 1,CDM MOINHO VELHO,"RUA  ELBA, 980",VILA MOINHO VELHO,04285-001,11,1
231,-46599009,-23610127,355030868000329,3550308005085,69,SACOMA,13,IPIRANGA,Sul,Sul 1,CDM ANCHIETA,"RUA  VIRGINIA CARDOSO, 87",SACOMÃ,04248-070,11,1
232,-46592818,-23632714,355030868000020,3550308005087,69,SACOMA,13,IPIRANGA,Sul,Sul 1,CDM PARQUE FONGARO,"RUA PROFESSOR SYLAS BALTAZAR DE ARAÚJO, 220",PARQUE FONGARO,04257-010,11,1
233,-46586121,-23628213,355030868000297,3550308005087,69,SACOMA,13,IPIRANGA,Sul,Sul 1,CDM JARDIM PATENTE,"RUA  ANTONIO ANNUNZIATO, 57",JARDIM PATENTE,04243-220,11,1
234,-46586166,-23623394,355030868000084,3550308005087,69,SACOMA,13,IPIRANGA,Sul,Sul 1,CDM JARDIM SECKLER,"RUA  COSME DE SOUZA, 408",JARDIM PATENTE,04243-100,11,1
235,-46591506,-23596986,355030834000099,3550308005084,33,IPIRANGA,13,IPIRANGA,Sul,Sul 1,CDM PROFESSOR FRANCISCO TEODORO MENDES,"RUA  ÁLVARO FRAGOSO, 580",VILA INDEPÊNDENCIA,04225-000,11,1
236,-46579614,-23605720,355030834000111,3550308005084,33,IPIRANGA,13,IPIRANGA,Sul,Sul 1,CDM UCRA UNIÃO CULTURAL E RECREATIVA AMIZADE,"AVENIDA PRESIDENTE WILSON, 6851",IPIRANGA,04220-002,11,1
237,-46566820,-23595653,355030893000021,3550308005082,95,VILA PRUDENTE,29,VILA PRUDENTE,Leste,Leste 1,CDM UNIÃO SOCIAL VILA BELA,"RUA  FERNANDES SARDINHA, 32",VILA BELA,03147-020,11,1
238,-46557819,-23609725,355030893000140,3550308005082,95,VILA PRUDENTE,29,VILA PRUDENTE,Leste,Leste 1,CDM VENEZA INDEPENDENTE,"RUA PADRE RAIMUNDO DA SILVA, 598",VILA CALIFÓRNIA,03214-000,11,1
239,-46558564,-23608675,355030893000138,3550308005082,95,VILA PRUDENTE,29,VILA PRUDENTE,Leste,Leste 1,CDM VILA CALIFÓRNIA,"RUA  SIMÃO FERNANDES / GRÃO MONGOL, 313",VILA CALIFÓRNIA,07000-000,11,1
240,-46549513,-23594801,355030872000015,3550308005081,74,SAO LUCAS,29,VILA PRUDENTE,Leste,Leste 1,CDM SÃO CAIO,"RUA SÃO CAIO, 370",PARQUE SÃO LUCAS,03238-020,11,1
241,-46545687,-23594633,355030872000003,3550308005158,74,SAO LUCAS,29,VILA PRUDENTE,Leste,Leste 1,CDM PARQUE SÃO LUCAS,"RUA PROFESSOR EURICO VILELA, 74",CIDADE CONTINENTAL,03242-060,11,1
242,-46540043,-23599830,355030872000050,3550308005158,74,SAO LUCAS,29,VILA PRUDENTE,Leste,Leste 1,CDM TRÊS ALIANÇAS,"RUA  ERVA IMPERIAL, 90 e 340",JD. GUAIRACÁ,03244-030,11,1
243,-46537582,-23603823,355030872000103,3550308005158,74,SAO LUCAS,29,VILA PRUDENTE,Leste,Leste 1,CDM FARIA LIMA,"RUA  MATICO, 276",JARDIM PANORAMA,03245-050,11,1
244,-46534598,-23598042,355030872000102,3550308005158,74,SAO LUCAS,29,VILA PRUDENTE,Leste,Leste 1,CDM CONJUNTO SETÚBAL,"RUA  JOAQUIM LAGE, 409",PARQUE RESIDENCIAL ORATÓRIO,03266-110,11,1
245,-46529448,-23606388,355030872000151,3550308005159,74,SAO LUCAS,29,VILA PRUDENTE,Leste,Leste 1,CDM GERALDO JOSÉ DE ALMEIDA,"RUA  SOLAR DOS PINHEIROS, 460",VILA SÃO NICOLAU,03254-190,11,1
246,-46525880,-23605369,355030872000161,3550308005159,74,SAO LUCAS,29,VILA PRUDENTE,Leste,Leste 1,CDM SANTO ANTONIO,"RUA  PASCOAL RANIERI MAZZILLI, 120",VILA ELSE,03257-180,11,1
247,-46521898,-23595109,355030876000206,3550308005155,78,SAPOPEMBA,29,VILA PRUDENTE,Leste,Leste 1,CDM SAPOPEMBA,"RUA  CARBONIFERA, 139",VILA UNIÃO,03920-140,11,1
248,-46510162,-23610893,355030876000060,3550308005160,78,SAPOPEMBA,29,VILA PRUDENTE,Leste,Leste 1,CDM PARQUE SANTA MADALENA,"RUA DOUTOR PAULO COLOMBO DE QUEIROZ, 470",PQ.SANTA MADALENA,03982-130,11,1
249,-46511095,-23609657,355030876000062,3550308005160,78,SAPOPEMBA,29,VILA PRUDENTE,Leste,Leste 1,CDM JARDIM PLANALTO,"RUA  QUILOMBOLAS, 178",PARQUE SANTA MADALENA,03983-070,11,1
250,-46493357,-23611358,355030876000172,3550308005209,78,SAPOPEMBA,29,VILA PRUDENTE,Leste,Leste 1,CDM CORSÃO,"AVENIDA  JOÃO RODRIGUES RUIZ, 20",JARDIM SAPOPEMBA,03975-110,11,1
251,-46483835,-23598903,355030873000006,3550308005207,75,SAO MATEUS,30,SAO MATEUS,Leste,Leste 2,CDM CIDADE SÃO MATHEUS,"RUA DOUTOR AURELIANO DA SILVA ARRUDA, 559",CIDADE SÃO MATHEUS,03960-050,11,1
252,-46472028,-23625341,355030875000042,3550308005212,77,SAO RAFAEL,30,SAO MATEUS,Leste,Leste 2,CDM UNIÃO DO PARQUE SÃO RAFAEL,RUA FREI MATEUS DE ASSUNÇÃO,PARQUE SÃO RAFAEL,08320-590,11,1
253,-46471440,-23617581,355030875000079,3550308005212,77,SAO RAFAEL,30,SAO MATEUS,Leste,Leste 2,CDM JOAQUIM TEODORO PEREIRA,"RUA  FORTALEZA DE ITAPEMA, 263",JARDIM VERA CRUZ,08331-240,11,1
254,-46468459,-23622222,355030875000023,3550308005212,77,SAO RAFAEL,30,SAO MATEUS,Leste,Leste 2,CDM PARQUE SÃO RAFAEL,"RUA  QUARESMA DELGADO, 376",JARDIM RODOLFO PIRANI,08310-490,11,1
255,-46465393,-23611105,355030873000143,3550308005208,75,SAO MATEUS,30,SAO MATEUS,Leste,Leste 2,CDM CIDADE SATÉLITE SANTA BÁRBARA,AVENIDA  SATÉLITE / NEBULOSAS,CIDADE SATÉLITE SANTA BÁRBARA,08330-480,11,1
256,-46465185,-23602654,355030873000073,3550308005208,75,SAO MATEUS,30,SAO MATEUS,Leste,Leste 2,CDM CANARINHO,"RUA  FORTE DOS FRANCESES, 195",PARQUE SÃO LOURENÇO,08340-150,11,1
257,-46459057,-23597318,355030857000087,3550308005205,58,PARQUE DO CARMO,27,ITAQUERA,Leste,Leste 2,CENTRO ESPORTIVO CENTRO EDUCACIONAL COMUNITÁRIO TABOR,"ESTRADA DA COLONIA, 120",SÃO MATHEUS,,11,1
258,-46432893,-23595046,355030833000055,3550308005275,32,IGUATEMI,30,SAO MATEUS,Leste,Leste 2,CDM PARQUE IGUATEMI- LIMOEIRO,"AVENIDA  RAGUEB CHOFFI, 5610",PARQUE IGUATEMI,08375-000,11,1
259,-46597617,-23586429,355030834000050,3550308005019,33,IPIRANGA,13,IPIRANGA,Sul,Sul 1,CDM IPIRANGA,"AVENIDA  JUNTAS PROVISÓRIA, 20 / BRIGADEIRO JORDÃO",IPIRANGA,04214-010,11,1
260,-46601450,-23530217,355030808000029,3550308005016,08,BELEM,25,MOOCA,Leste,Leste 1,CDM BELENZINHO,RUA  JEQUITINHONHA,BRÁS,03021-040,11,1
261,-46658551,-23521227,355030806000026,3550308005029,06,BARRA FUNDA,8,LAPA,Oeste,Oeste,CDM MANOEL DE ABREU,"AVENIDA  Abrahão Ribeiro, 493",BARRA FUNDA,01133-020,11,1
262,-46657752,-23520026,355030806000026,3550308005029,06,BARRA FUNDA,8,LAPA,Oeste,Oeste,CDM SÃO PAULO GIANTS,AVENIDA DOUTOR ABRÃO RIBEIRO / JOAQUIM DA ROCHA FERREIRA,BARRA FUNDA,01133-020,11,1
263,-46647653,-23518857,355030809000041,3550308005004,09,BOM RETIRO,9,SE,Centro,Centro,CDM NACIONAL DO BOM RETIRO,"RUA  ANHAIA, 1239",BOM RETIRO,01130-000,11,1
264,-46646596,-23518225,355030809000039,3550308005004,09,BOM RETIRO,9,SE,Centro,Centro,CDM ROBERTO RUSSO,"RUA DOS ITALIANOS, 1261",BOM RETIRO,01131-000,11,1
265,-46643175,-23520562,355030809000039,3550308005004,09,BOM RETIRO,9,SE,Centro,Centro,CDM UNIÃO DO BOM RETIRO,"RUA GENERAL FLORES, 788",BOM RETIRO,01129-010,11,1
266,-46652242,-23480577,355030851000078,3550308005128,51,MANDAQUI,5,SANTANA-TUCURUVI,Norte,Norte 2,CDM AMIGOS LAUZANE PAULISTA,"RUA  DOLORES DURAM, 287",VILA BASILÉIA,02471-040,11,1
267,-46640568,-23477697,355030851000133,3550308005129,51,MANDAQUI,5,SANTANA-TUCURUVI,Norte,Norte 2,CDM RESIDENCIAL SANTA TEREZINHA,"RUA CORONEL JOAQUIM FERREIRA DE SOUSA, 311",CONJ. RES. STA TEREZINHA,02419-070,11,1
268,-46622650,-23519421,355030856000008,3550308005015,57,PARI,25,MOOCA,Leste,Leste 1,CDM FRANCISCO REYNALDO FIRAGI,"AVENIDA PRESIDENTE CASTELO BRANCO, 760",BOM RETIRO,01142-200,11,1
269,-46622650,-23519421,355030856000008,3550308005015,57,PARI,25,MOOCA,Leste,Leste 1,CDM AMIGOS DO BOM RETIRO,"AVENIDA PRESIDENTE CASTELO BRANCO, 800",BOM RETIRO,01142-010,11,1
270,-46618933,-23525372,355030856000008,3550308005015,57,PARI,25,MOOCA,Leste,Leste 1,CDM SERRA MORENA,"RUA  ARAGUAIA, 749",CANINDÉ,03034-030,11,1
271,-46617629,-23523312,355030856000008,3550308005015,57,PARI,25,MOOCA,Leste,Leste 1,CDM ESTRELA DO PARI,"RUA DA Piscina, 108",CANINDÉ,03034-070,11,1
272,-46609032,-23524115,355030856000018,3550308005015,57,PARI,25,MOOCA,Leste,Leste 1,CDM VIGOR,"AVENIDA  CARLOS DE CAMPOS, 935",PARI,03028-030,11,1
273,-46601641,-23517309,355030886000027,3550308005031,88,VILA GUILHERME,7,VILA MARIA-VILA GUILHERME,Norte,Norte 2,CDM CENTRO DA COROA FUTEBOL CLUBE,"RUA  JOÃO VENTURA BATISTA, 907",VILA GUILHERME,02054-100,11,1
274,-46609999,-23468358,355030882000076,3550308005131,84,TUCURUVI,5,SANTANA-TUCURUVI,Norte,Norte 2,CDM COPA 70,"RUA  EDUARDO V. NASSER, 352",TUCURUVI,02344-050,11,1
275,-46588837,-23570007,355030853000049,3550308005018,54,MOOCA,25,MOOCA,Leste,Leste 1,CDM PARQUE DA MOÓCA,"RUA  MARIA LUIZA DO PINHO, 113",PARQUE DA MOOCA,03124-000,11,1
276,-46570345,-23587227,355030893000018,3550308005042,95,VILA PRUDENTE,29,VILA PRUDENTE,Leste,Leste 1,CDM FERNANDO ROMERA VAL (ANTIGO JARDIM AVELINO),"RUA  JOÃO BATISTA MENDO, 150",JARDIM AVELINO,03227-040,11,1
277,-46575017,-23570643,355030801000007,3550308005039,01,AGUA RASA,25,MOOCA,Leste,Leste 1,CDM JARDIM ITÁLIA,"RUA  FAROL PAULISTANO, 300",VILA ORATÓRIO,03192-060,11,1
278,-46563705,-23570350,355030801000037,3550308005041,01,AGUA RASA,25,MOOCA,Leste,Leste 1,CDM VILA INVERNADA,"RUA  RAIMUNDO CORREIA, 131",VILA DIVA,03351-050,11,1
279,-46551935,-23587219,355030872000086,3550308005081,74,SAO LUCAS,29,VILA PRUDENTE,Leste,Leste 1,CDM VILA DARLY E JARDIM TEREZA,"RUA  BARTOLOMEU CORREA BUENO, 178",JD. TEREZA,03261-040,11,1
280,-46550718,-23584499,355030872000059,3550308005081,74,SAO LUCAS,29,VILA PRUDENTE,Leste,Leste 1,CDM VICENTE ÍTALO FEOLA,"RUA  DOMINGOS DA SILVA BUENO, 61",JD. TEREZA,03261-010,11,1
281,-46549044,-23568621,355030885000019,3550308005040,87,VILA FORMOSA,26,ARICANDUVA,Leste,Leste 1,CDM ROBERTO JORGE (LEÃO X),"PRAÇA  LEÃO X, 130",VILA FORMOSA,,11,1
282,-46535422,-23587839,355030872000068,3550308005080,74,SAO LUCAS,29,VILA PRUDENTE,Leste,Leste 1,CDM BADEN POWELL,"RUA  ULPIANO DOS SANTOS, 135",VILA HELOISA,03286-220,11,1
283,-46533285,-23588854,355030872000069,3550308005080,74,SAO LUCAS,29,VILA PRUDENTE,Leste,Leste 1,CDM UNIVERSO,"PRAÇA  HERENY DA COSTA, 89",VILA ELEONICE,03286-160,11,1
284,-46538046,-23584270,355030872000066,3550308005080,74,SAO LUCAS,29,VILA PRUDENTE,Leste,Leste 1,CDM KALIL ALLE MAMEDE,"RUA  LEONIDIO PORCIONATO, 383",PQ.TOMAS SARAIVA,03280-040,11,1
285,-46534947,-23565933,355030885000040,3550308005040,87,VILA FORMOSA,26,ARICANDUVA,Leste,Leste 1,CDM WALDEMAR MORENO,"RUA  AZEVEDO E. BRITO, 42",VILA FORMOSA,03366-040,11,1
286,-46544915,-23559318,355030885000075,3550308005040,87,VILA FORMOSA,26,ARICANDUVA,Leste,Leste 1,CDM JARDIM TEXTIL,"RUA  BAILIQUE, 99",VILA MAFRA,,11,1
287,-46577139,-23516816,355030889000005,3550308005035,91,VILA MARIA,7,VILA MARIA-VILA GUILHERME,Norte,Norte 2,CDM ADHEMAR DE BARROS,"PRAÇA ENGENHEIRO HUGO BRANDI, 1",VILA MARIA,02168-050,11,1
288,-46575348,-23509200,355030889000001,3550308005033,91,VILA MARIA,7,VILA MARIA-VILA GUILHERME,Norte,Norte 2,CDM CECÍLIA MEIRELLES,"RUA SOLDADO ANESIO ANTÃO FERREIRA, 31",PARQUE NOVO MUNDO,02142-000,11,1
289,-46569019,-23499295,355030892000083,3550308005068,94,VILA MEDEIROS,7,VILA MARIA-VILA GUILHERME,Norte,Norte 2,CDM LAURO MEGALE,"ALAMEDA 1º SARGENTO OSMAR CORTES CLARO, 140",PRAÇA NOVO MUNDO,02145-050,11,1
290,-46572327,-23486947,355030892000023,3550308005069,94,VILA MEDEIROS,7,VILA MARIA-VILA GUILHERME,Norte,Norte 2,CDM SALVELINO FERREIRA,"RUA  JOSÉ ANILDO DA MATA, 415",VILA SABRINA,02224-110,11,1
291,-46650384,-23457436,355030813000104,3550308005125,13,CACHOEIRINHA,4,CASA VERDE-CACHOEIRINHA,Norte,Norte 1,CDM PEDRA BRANCA,"RUA DESEMBARGADOR RODRIGUES SETE, 195",JARDIM PERI,02634-070,11,1
292,-46582725,-23460998,355030839000047,3550308005070,38,JACANA,6,JACANA-TREMEMBE,Norte,Norte 2,CDM JAÇANÃ,"AVENIDA  ANTONIO CESAR NETO, 347",GUAPIRA,02276-000,11,1
293,-46515829,-23587715,355030876000154,3550308005156,78,SAPOPEMBA,29,VILA PRUDENTE,Leste,Leste 1,CDM JOSÉ PANTA ALVES,"RUA  PEDRO DE CASTRO VELHO, 87",JARDIM IVA,03921-000,11,1
294,-46516680,-23583175,355030804000076,3550308005153,04,ARICANDUVA,26,ARICANDUVA,Leste,Leste 1,CDM ANGELLO ROSELLI (VILA RICA I),"RUA PROFESSORA ALZIRA DE OLIVEIRA GIGLIOLI, 10 A",VILA RICA,03905-090,11,1
295,-46514931,-23546721,355030891000019,3550308005076,93,VILA MATILDE,21,PENHA,Leste,Leste 1,CDM UNI LESTE DE ESPORTES ATLÉTICOS,"RUA  DIAS PENTEADO, 200",JARDIM MARINGÁ,03524-020,11,1
296,-46508210,-23555489,355030824000123,3550308005150,24,CIDADE LIDER,27,ITAQUERA,Leste,Leste 2,CDM PROL LESTE,"RUA  LANDIRANA, 335",JD. SANTA MARIA,03575-140,11,1
297,-46511368,-23548930,355030891000040,3550308005076,93,VILA MATILDE,21,PENHA,Leste,Leste 1,CDM VILA MATILDE,RUA  LUPIONOPOLIS,JARDIM MARINGÁ,03525-000,11,1
298,-46503327,-23535528,355030891000088,3550308005147,93,VILA MATILDE,21,PENHA,Leste,Leste 1,CDM CIDADE PATRIARCA,"RUA PROFESSOR TITO NOVAIS, 60",CIDADE PATRIARCA,03552-060,11,1
299,-46492623,-23573477,355030824000050,3550308005152,24,CIDADE LIDER,27,ITAQUERA,Leste,Leste 2,CDM UNIÃO DO MORRO DO JARDIM SANTA TEREZINHA,RUA  ASTOLFO MARQUES / JAPARANA,JARDIM SANTA TEREZA,03572-260,11,1
300,-46495086,-23562845,355030824000030,3550308005150,24,CIDADE LIDER,27,ITAQUERA,Leste,Leste 2,CDM PAULINO ALVES DA SILVA,RUA  PEDRO DE MENA,JARDIM MARILIA,03579-270,11,1
301,-46482373,-23539387,355030805000006,3550308005146,05,ARTUR ALVIM,21,PENHA,Leste,Leste 1,CDM SAO LUIZ II,"RUA  BOIPEVA, 27",CIDADE A E CARVALHO,08220-030,11,1
302,-46474601,-23554848,355030824000097,3550308005203,24,CIDADE LIDER,27,ITAQUERA,Leste,Leste 2,CDM CIDADE LÍDER,"RUA  CASIMIRO MISSKINIZ, 157",CIDADE LIDER,08285-200,11,1
303,-46481029,-23545785,355030805000079,3550308005148,05,ARTUR ALVIM,21,PENHA,Leste,Leste 1,CDM ALVORADA CONJUNTO PADRE MANOEL DA NOBREGA,"AVENIDA PADRE ESTANISLAU DE CAMPOS, 430",COHAB PE. MANOEL DA NÓBREGA,03590-060,11,1
304,-46479254,-23531136,355030805000068,3550308005146,05,ARTUR ALVIM,21,PENHA,Leste,Leste 1,CDM JARDIM COIMBRA,"RUA  NICOLO TARTAGLIA, 171",JARDIM COIMBRA,03693-050,11,1
305,-46474576,-23530259,355030805000071,3550308005146,05,ARTUR ALVIM,21,PENHA,Leste,Leste 1,CDM ÁGUIA DE HAIA,RUA  PITAGORAS,JARDIM COIMBRA,03693-010,11,1
306,-46529437,-23513828,355030818000073,3550308005073,18,CANGAIBA,21,PENHA,Leste,Leste 1,CDM MANOEL VIDAL,AVENIDA GOVERNADOR CARVALHO PINTO,VILA SÃO GERALDO,03601-000,11,1
307,-46505032,-23515802,355030864000069,3550308005142,65,PONTE RASA,22,ERMELINO MATARAZZO,Leste,Leste 2,CDM AYRTON SENNA DA SILVA,"AVENIDA  JAIME TORRES, 850",JARDIM POPULAR,03670-000,11,1
308,-46499016,-23507666,355030864000093,3550308005142,65,PONTE RASA,22,ERMELINO MATARAZZO,Leste,Leste 2,CDM VINTE E NOVE DE JUNHO,"RUA  SAUL DE CAMARGO NEVES, 49",VILA CONSTANCA,03755-100,11,1
309,-46486941,-23517205,355030864000030,3550308005143,65,PONTE RASA,22,ERMELINO MATARAZZO,Leste,Leste 2,CDM DÉLIO DE CARVALHO,"RUA  ANTONIO PEDRO CEARÁ, 18",VILA SÃO FRANCISCO,03678-120,11,1
310,-46482551,-23516737,355030864000049,3550308005143,65,PONTE RASA,22,ERMELINO MATARAZZO,Leste,Leste 2,CDM FLOR DA MOCIDADE DO BURGO PAULISTA,"RUA  BARTOLOMEO BELLAND, 2",BURGO PAULISTA,03682-070,11,1
311,-46495542,-23498741,355030818000142,3550308005138,18,CANGAIBA,21,PENHA,Leste,Leste 1,CDM VILA CISPER ( 3 COROAS ),"RUA  CAETANO E. FIGUEIREDO, 1242",VILA CISPER,03819-280,11,1
312,-46482733,-23495675,355030828000001,3550308005192,28,ERMELINO MATARAZZO,22,ERMELINO MATARAZZO,Leste,Leste 2,CDM BENEDICTO RAMOS RODRIGUES,"RUA DOUTOR VENÂNCIO DE OLIVEIRA LISBOA, 242",PARQUE BOTURUSSU,03804-160,11,1
313,-46467264,-23501648,355030887000064,3550308005193,89,VILA JACUI,23,SAO MIGUEL,Leste,Leste 2,CDM PEDRO JOSÉ NUNES,AVENIDA AV MARIO ALVES,JARDIM PEDRO JOSE NUNE,08061-380,11,1
314,-46493808,-23492165,355030828000154,3550308005140,28,ERMELINO MATARAZZO,22,ERMELINO MATARAZZO,Leste,Leste 2,CDM AREÃO DE VILA CISPER,RUA  BARRA DE SANTA ROSA / CAIÇARA DO RIO DO VENTO,VILA CISPER,03817-010,11,1
315,-46482458,-23485458,355030828000073,3550308005139,28,ERMELINO MATARAZZO,22,ERMELINO MATARAZZO,Leste,Leste 2,CDM ERMELINO MATARAZZO,"RUA REVERENDO JOÃO EUCLIDES PEREIRA, 8",JARDIM MATARAZZO,03814-080,11,1
316,-46441047,-23550725,355030847000068,3550308005263,46,JOSE BONIFACIO,27,ITAQUERA,Leste,Leste 2,CDM ITAQUERA,RUA  GUILHERME VALENCIA,ITAQUERA,08253-280,11,1
317,-46433950,-23555520,355030847000060,3550308005262,46,JOSE BONIFACIO,27,ITAQUERA,Leste,Leste 2,CDM ARAUJO,"RUA  BERNADINO PRUDENTI, 194",Itaquera,08255-020,11,1
318,-46402853,-23591532,355030825000278,3550308005271,25,CIDADE TIRADENTES,31,CIDADE TIRADENTES,Leste,Leste 2,CDM DONA HERCILIA ALVES DA SILVEIRA,"AVENIDA DOS TEXTEIS, 1331",CIDADE TIRADENTES,08490-600,11,1
319,-46405946,-23567055,355030825000012,3550308005269,25,CIDADE TIRADENTES,31,CIDADE TIRADENTES,Leste,Leste 2,CDM PASSAGEM FUNDA,"AVENIDA DOUTOR GUILHERME DE ABREU SODRE, 50",COHAB PRESTES MAIA,08409-010,11,1
320,-46416342,-23555382,355030831000161,3550308005265,31,GUAIANASES,28,GUAIANAZES,Leste,Leste 2,CDM ISIDORO MATEUS,RUA NOSSA SENHORA FONTE,JARDIM SÃO CARLOS,08410-440,11,1
321,-46402039,-23549797,355030831000025,3550308005264,31,GUAIANASES,28,GUAIANAZES,Leste,Leste 2,CDM GUAIANAZES,RUA  CASTELO DE LEÇA,JARDIM SOARES,08460-160,11,1
322,-46428453,-23498423,355030874000099,3550308005197,76,SAO MIGUEL,23,SAO MIGUEL,Leste,Leste 2,CDM TIDE SETUBAL,"RUA  MARIO DALLARI, 170",JARDIM SÃO VICENTE,08021-580,11,1
323,-46421788,-23495532,355030884000103,3550308005253,86,VILA CURUCA,24,ITAIM PAULISTA,Leste,Leste 2,CDM JOSÉ AMANCIO FERNANDES,RUA  GRAPIRA,VILA CURUÇA,08030-190,11,1
324,-46416247,-23501588,355030884000030,3550308005248,86,VILA CURUCA,24,ITAIM PAULISTA,Leste,Leste 2,CDM ARLINDO DE OLIVEIRA MIRAGAIA,"RUA  PEROBA ROSA, 65",JARDIM MIRAGAIA,08161-310,11,1
325,-46408086,-23525812,355030884000163,3550308005252,86,VILA CURUCA,24,ITAIM PAULISTA,Leste,Leste 2,CDM MAMONAS,"AVENIDA  TEODORO BERNARDO DO NASCIMENTO, 126",JARDIM ROBRU,08150-000,11,1
326,-46428483,-23476360,355030844000123,3550308005244,43,JARDIM HELENA,23,SAO MIGUEL,Leste,Leste 2,CDM JOÃO CAVALCANTE LEAL,"RUA  TRÊS MENINAS, 15-A",CHÁCARA TRÊS MENINAS,08090-200,11,1
327,-46409937,-23488785,355030844000047,3550308005245,43,JARDIM HELENA,23,SAO MIGUEL,Leste,Leste 2,CDM JARDIM NOEMIA,"RUA  FRANCISCO ANTONIO MEIRA, 447",JARDIM MAIA,08180-270,11,1
328,-46389506,-23512432,355030836000285,3550308005254,35,ITAIM PAULISTA,24,ITAIM PAULISTA,Leste,Leste 2,CDM PARQUE VEREDA,RUA  MAGNÓLIA AZUL / JUNCO FLORIDO,JARDIM CAMARGO,08141-640,11,1
329,-46372242,-23510073,355030836000217,3550308005255,35,ITAIM PAULISTA,24,ITAIM PAULISTA,Leste,Leste 2,CDM CIDADE KEMEL,RUA  MARCO ANTÔNIO SETTI / MARIO GUIMARÃES,ITAIM PAULISTA,08130-230,11,1
330,-46376670,-23486338,355030836000258,3550308005250,35,ITAIM PAULISTA,24,ITAIM PAULISTA,Leste,Leste 2,CDM JARDIM OLIVEIRAS,RUA  MOISÉS ALVES DOS SANTOS,JARDIM DAS OLIVEIRAS,08111-510,11,1
331,-46776695,-23735036,355030843000264,3550308005290,42,JARDIM ANGELA,18,M'BOI MIRIM,Sul,Sul 2,CAMPO DO JARDIM VERA CRUZ,RUA  ANGELO TARCHI,JARDIM  VERA CRUZ,04965-000,12,1
332,-46717609,-23759404,355030823000211,3550308005287,23,CIDADE DUTRA,19,CAPELA DO SOCORRO,Sul,Sul 2,CAMPO G.R. ESPERANÇA,RUA  ILDA LAURA FRACAROLLI / ERNESTA FRACAROLLI,JARDIM SÃO RAFAEL,04860-030,12,1
333,-46702765,-23764562,355030830000405,3550308005285,30,GRAJAU,19,CAPELA DO SOCORRO,Sul,Sul 2,CAMPO JARDIM SANTA FÉ II,RUA  JÚLIA MAMÉIA / PORFÍRIO DE GAZA,JD. STA. FÉ,04859-100,12,1
334,-46696574,-23770375,355030830000341,3550308005282,30,GRAJAU,19,CAPELA DO SOCORRO,Sul,Sul 2,CAMPO JARDIM MIRNA,"RUA DOUTOR JUVENAL HUDSON FERREIRA, 162 / JANDIRA NOGUEIRA",JD. MYRNA,04856-140,12,1
335,-46703756,-23756583,355030830000384,3550308005285,30,GRAJAU,19,CAPELA DO SOCORRO,Sul,Sul 2,CAMPO ESPORTE CLUBE FORÇA  JOVEM,"RUA DOUTOR ARMANDO FAJARDO, 20 / OBERON DE WEBER",JD.S.BERNARDO,04844-590,12,1
336,-46704058,-23750529,355030830000161,3550308005284,30,GRAJAU,19,CAPELA DO SOCORRO,Sul,Sul 2,CAMPO ICARAI,RUA  MICHEL ANGELO PRUNETTI / MIGUEL ARQUERONS,JARDIM ICARAÍ,04844-260,12,1
337,-46703302,-23749383,355030830000659,3550308005284,30,GRAJAU,19,CAPELA DO SOCORRO,Sul,Sul 2,CAMPO INTERNACIONAL,RUA  JOSÉ FLAVIANO COSTA / ACÁCIO DE PAULA FERREIRA,JD.ICARAÍ,04844-240,12,1
338,-46704032,-23727868,355030823000246,3550308005286,23,CIDADE DUTRA,19,CAPELA DO SOCORRO,Sul,Sul 2,CAMPO JARDIM IPORANGA,RUA  ÁLVARES CORREIA / GREGÓRIO TORRES,JD. PRESIDENTE,04830-110,12,1
339,-46686233,-23730140,355030823000081,3550308005218,23,CIDADE DUTRA,19,CAPELA DO SOCORRO,Sul,Sul 2,CAMPO CLUBE BANDEIRANTE VETERANO,"AVENIDA  PAULO COSTA RIBEIRO BASTOS, 50",SÍTIO DAS PALMEIRAS,04814-720,12,1
340,-46682493,-23729848,355030823000113,3550308005218,23,CIDADE DUTRA,19,CAPELA DO SOCORRO,Sul,Sul 2,CAMPO REAL SOCIEDADE DOS MORADORES E DA JUVENTUDE,"RUA  DANIEL RIBEIRO CALADO, 1100",SÍTIO FIGUEIRAS DO RIO BONITO,04814-670,12,1
341,-46672301,-23754408,355030830000063,3550308005280,30,GRAJAU,19,CAPELA DO SOCORRO,Sul,Sul 2,CAMPO DO ARISTOCRATA,"RUA  BELMIRA  MARIN, 4400",GRAJAÚ,04846-000,12,1
342,-46777335,-23703039,355030843000009,3550308005291,42,JARDIM ANGELA,18,M'BOI MIRIM,Sul,Sul 2,CAMPO PARQUE BOULOGNE,"RUA           ANTIGO CONTINENTE, AO LADO Nº 65",PARQUE BOLOGNE,04947-080,12,1
343,-46784425,-23695629,355030843000044,3550308005293,42,JARDIM ANGELA,18,M'BOI MIRIM,Sul,Sul 2,CAMPO PARQUE NOVA SANTO AMARO,RUA  FRANCISCA QUEIROS / COELHO LOUSADA,PARQUE NOVA SANTO AMARO,05875-270,12,1
344,-46789752,-23683020,355030819000342,3550308005295,19,CAPAO REDONDO,17,CAMPO LIMPO,Sul,Sul 2,CAMPO PARQUE INDEPENDÊNCIA,RUA  GARCIA DE HÓRTA / BERNARDO GOMES DE BRITO,PQ. INDEPENDÊNCIA,05880-290,12,1
345,-46791992,-23678792,355030819000289,3550308005295,19,CAPAO REDONDO,17,CAMPO LIMPO,Sul,Sul 2,CAMPO CONJUNTO HABITACIONAL,RUA  TAJAL / IDADE MÉDIA,COHAB HAB JDIM S BENTO,05886-400,12,1
346,-46791084,-23669928,355030819000335,3550308005297,19,CAPAO REDONDO,17,CAMPO LIMPO,Sul,Sul 2,CAMPO PARQUE FERNANDA - GAROTOS DO PARQUE F.C.,PRAÇA DOUTOR RAUL BORGES DA ROCHA / SEBASTIÃO MEIRA BARROS,PARQUE FERNANDA,05889-290,12,1
347,-46772765,-23672595,355030819000316,3550308005232,19,CAPAO REDONDO,17,CAMPO LIMPO,Sul,Sul 2,CAMPO CAPÃO REDONDO,"RUA PROFESSOR ANTONIO AUSTREGÉSILO, 500 / SANTANA",CAPÃO REDONDO,05867-000,12,1
348,-46761508,-23662746,355030819000380,3550308005231,19,CAPAO REDONDO,17,CAMPO LIMPO,Sul,Sul 2,CAMPO DO CAJU,RUA DOUTOR BENEDITO MATARAZZO / CRISTÓVÃO DE FIGUEIREDO,PARQUE MARIA HELENA,05854-090,12,1
349,-46755947,-23720997,355030843000303,3550308005288,42,JARDIM ANGELA,18,M'BOI MIRIM,Sul,Sul 2,CAMPO SOCIEDADE ESPORTIVA CIDADE IPAVA,RUA ENGENHEIRO MILTON DE ALVARENGA PEIXOTO / GIL DE SILOE,JARDIM RECREIO,04953-040,12,1
350,-46758260,-23681086,355030843000207,3550308005226,42,JARDIM ANGELA,18,M'BOI MIRIM,Sul,Sul 2,CAMPO CAVEIRINHOS F.C.,RUA  RIBEIRÃO PONTE BAIXA / SERVIDOR SÃO MARCOS,PARQUE SANTO AMARO,04932-160,12,1
351,-46748074,-23681701,355030846000123,3550308005221,45,JARDIM SAO LUIS,18,M'BOI MIRIM,Sul,Sul 2,CAMPO PARQUE FIGUEIRA GRANDE,RUA  PEDRO AGULHA DE FIGUEIRÓ / DOMINGOS FURTADO,JARDIM DULCE,04915-150,12,1
352,-46736163,-23683403,355030846000108,3550308005222,45,JARDIM SAO LUIS,18,M'BOI MIRIM,Sul,Sul 2,CAMPO C. F. DO TRICOLOR DO JARDIM ALFREDO,ESTRADA DE GUARAPIRANGA / LAURO RIBAS BRAGA,PARQUE EUROPA,04901-000,12,1
353,-46730089,-23658634,355030846000350,3550308005225,45,JARDIM SAO LUIS,18,M'BOI MIRIM,Sul,Sul 2,CAMPO DO SALDANHA,RUA  ACEDIO JOSÉ FONTANETE,JARDIM IBIRAPUERA,05814-100,12,1
354,-46780220,-23658287,355030819000070,3550308005230,19,CAPAO REDONDO,17,CAMPO LIMPO,Sul,Sul 2,CAMPO JARDIM AURÉLIO,RUA  MARIA CLARA DA SILVA SANT' ANA / CAPITÚ,JARDIM AURÉLIO,05857-380,12,1
355,-46778830,-23648433,355030817000214,3550308005236,17,CAMPO LIMPO,17,CAMPO LIMPO,Sul,Sul 2,CAMPO JARDIM ROSANA - COLORADO,RUA  FREDERICO CONSOLO / CARLOS LACERDA,JARDIM LUZITÂNIA,05789-050,12,1
356,-46761434,-23650587,355030817000319,3550308005237,17,CAMPO LIMPO,17,CAMPO LIMPO,Sul,Sul 2,CAMPO JARDIM SÃO JANUÁRIO,RUA  LODÉVE / NOANANA,JARDIM SÃO JANUÁRIO,05781-220,12,1
357,-46769844,-23635364,355030817000018,3550308005236,17,CAMPO LIMPO,17,CAMPO LIMPO,Sul,Sul 2,CAMPO JARDIM PARIS - GRÊMIO ESPORTIVO DA  AR/CL,"ESTRADA DO CAMPO LIMPO, 2480 / ANTONIO ANTUNES",VILA  PIRAJUSSARA,05787-000,12,1
358,-46791233,-23600569,355030865000066,3550308005239,66,RAPOSO TAVARES,10,BUTANTA,Oeste,Oeste,CAMPO Nº 02 - JARDIM JOÃO XXIII,"RUA FREI CLAUDE D'ALBEVILLE, 425",JARDIM JOÃO XXIII,05569-010,12,1
359,-46765659,-23594899,355030865000108,3550308005238,66,RAPOSO TAVARES,10,BUTANTA,Oeste,Oeste,CAMPO SAB - JARDIM GUARAÚ,RUA  JOÃO ANGOLA DO AMARAL / MARCOLINO VAZ FIGUEIRA,JARDIM GUARAÚ,05544-210,12,1
360,-46755393,-23656849,355030846000224,3550308005229,45,JARDIM SAO LUIS,18,M'BOI MIRIM,Sul,Sul 2,CAMPO DO ASTRO,"RUA  MANUEL BORDALO PINHEIRO, 278",JARDIM CAPELINHA,05850-230,12,1
361,-46745795,-23631276,355030817000169,3550308005233,17,CAMPO LIMPO,17,CAMPO LIMPO,Sul,Sul 2,CAMPO DO MORRO DA LUA,RUA  AGÉLADAS / ALEXANDRE BENING,JARDIM INGÁ,05736-020,12,1
362,-46743342,-23628629,355030883000095,3550308005177,85,VILA ANDRADE,17,CAMPO LIMPO,Sul,Sul 2,CAMPO PRAÇA DE ESPORTES ZALTINE SILVA,RUA  NELSON GAMA DE OLIVEIRA / CHICO NUNES,JARDIM REBOUÇAS,05734-150,12,1
363,-46686612,-23717955,355030823000032,3550308005217,23,CIDADE DUTRA,19,CAPELA DO SOCORRO,Sul,Sul 2,CAMPO DEMOCRATA,RUA  JOSÉ BONIFÁCIO FILHO / BENEDITO VIEIRA DA SILVA,VILA SÃO BENEDITO,04813-060,12,1
364,-46691785,-23714400,355030823000026,3550308005217,23,CIDADE DUTRA,19,CAPELA DO SOCORRO,Sul,Sul 2,CAMPO SATÉLITE,"RUA  JOSÉ ANDRÉ PATTINI, 233 / JOÃO ROSCHEL GOTTZTRITZ",INTERLAGOS,04809-260,12,1
365,-46690527,-23710717,355030823000029,3550308005217,23,CIDADE DUTRA,19,CAPELA DO SOCORRO,Sul,Sul 2,CAMPO JARDIM REGIS,RUA  JOÃO GOTTZFRITZ FILHO / JÚLIO DE BARROS,JARDIM REGIS,04811-210,12,1
366,-46692625,-23704258,355030823000140,3550308005217,23,CIDADE DUTRA,19,CAPELA DO SOCORRO,Sul,Sul 2,CAMPO SANTOS FUTEBOL CLUBE CIDADE DUTRA,AVENIDA  JACINTO JÚLIO / CELSO LARA BARBIERI,JD. SATÉLITE,04815-160,12,1
367,-46688421,-23702813,355030823000178,3550308005217,23,CIDADE DUTRA,19,CAPELA DO SOCORRO,Sul,Sul 2,CAMPO JOVEM GUARDA,"RUA  PEDRO SANTALUCIA, DE FRONTE 130 / FELICIANO CORREIA",INTERLAGOS,04815-250,12,1
368,-46665974,-23681330,355030822000105,3550308005167,22,CIDADE ADEMAR,16,CIDADE ADEMAR,Sul,Sul 2,CAMPO DO NITERÓI,RUA  JURIMANÁS / SENADOR PAULO GUERRA,JARDIM MARIA LUÍSA,04434-060,12,1
369,-46673869,-23654472,355030822000234,3550308005169,22,CIDADE ADEMAR,16,CIDADE ADEMAR,Sul,Sul 2,CAMPO WINNER PAULISTA,RUA  FRANCISCO LOPES PINTOC / FRANCISCO TELES DOURADO,JARDIM LOS ANGELES,04649-110,12,1
370,-46764812,-23577784,355030867000205,3550308005182,68,RIO PEQUENO,10,BUTANTA,Oeste,Oeste,CAMPO G. E. UNIÃO MOCIDADE,"AVENIDA  LUCAS DE LEYDE, 16",JARDIM SARAH,05376-010,12,1
371,-46759795,-23571278,355030867000009,3550308005183,68,RIO PEQUENO,10,BUTANTA,Oeste,Oeste,CAMPO CORINTHIANS DO RIO PEQUENO,"AVENIDA  RIO PEQUENO, 1800",RIO PEQUENO,05379-000,12,1
372,-46749770,-23566014,355030867000046,3550308005184,68,RIO PEQUENO,10,BUTANTA,Oeste,Oeste,CAMPO VARP - VETERANO AMIGOS DO RIO PEQUENO,RUA PROFESSOR ANTONIO FILGUEIRAS DE LIMA,PARQUE MALAGOLI,05361-040,12,1
373,-46748305,-23561173,355030867000042,3550308005184,68,RIO PEQUENO,10,BUTANTA,Oeste,Oeste,CAMPO G. D. PORTUGUESINHA,"ESTRADA DAS CACHOEIRAS/ESCOLA POLITÉCNICA, 255",JARDIM IVANA,05356-000,12,1
374,-46758190,-23535911,355030841000034,3550308005108,40,JAGUARE,8,LAPA,Oeste,Oeste,CAMPO PARQUE CONTINENTAL,"AVENIDA  ANTONIO DE SOUZA NOSCHESE, 1250",PARQUE CONTINENTAL,05328-000,12,1
375,-46761513,-23503137,355030840000020,3550308005109,39,JAGUARA,8,LAPA,Oeste,Oeste,CAMPO VILA PIAUÍ,RUA  BETIM PAIS LEME / BARRA DO GARÇA,VILA NILVA,05109-000,12,1
376,-46720887,-23502509,355030863000241,3550308005310,64,PIRITUBA,2,PIRITUBA,Norte,Norte 1,CAMPO ESPORTE CLUBE SÃO BENTO,"AVENIDA  RAIMUNDO PEREIRA DE MAGALHÃES, 1560",PIQUERI,05145-000,12,1
377,-46695701,-23475027,355030811000372,3550308005120,11,BRASILANDIA,3,FREGUESIA-BRASILANDIA,Norte,Norte 1,CAMPO FAZENDINHA,RUA  MATILDE MUNHOZ / MICHIHISA MURATA,JARDIM MARISTELA,02805-170,12,1
378,-46683311,-23480576,355030811000155,3550308005121,11,BRASILANDIA,3,FREGUESIA-BRASILANDIA,Norte,Norte 1,CAMPO CACHOERINHA - JARDIM MARACANÃ,"PRAÇA SENHOR            BONFIM / DOMINGOS GAVA, 116",JD.MARACANA,02841-030,12,1
379,-46728335,-23452656,355030842000283,3550308005187,41,JARAGUA,2,PIRITUBA,Norte,Norte 1,CAMPO S. A. PARQUE PANAMERICANO,"RUA  BARRA DA FORQUILHA, 684",PARQUE PANAMERICANO,02993-000,12,1
380,-46646784,-23698112,355030858000238,3550308005213,59,PEDREIRA,16,CIDADE ADEMAR,Sul,Sul 2,CAMPO JARDIM SANTA TEREZINHA,"RUA DOS ANIQUIS, 333",REFÚGIO SANTA TEREZINHA,04474-150,12,1
381,-46642642,-23648114,355030838000052,3550308005095,37,JABAQUARA,15,JABAQUARA,Sul,Sul 1,CAMPO CIDADE JÚLIA - REFÚGIO SANTA TEREZINHA,RUA DO GUAICURI / ALVARENGA,REFÚGIO STA.TEREZINHA,04425-000,12,1
382,-46554213,-23603267,355030893000115,3550308005082,95,VILA PRUDENTE,29,VILA PRUDENTE,Leste,Leste 1,CAMPO ESTRÊLA MARINHA,RUA  TRÊS PEDRAS / ANTENAS E CARUSO,SÍTIO DA FIGUEIRA,03209-010,12,1
383,-46551168,-23604898,355030872000076,3550308005159,74,SAO LUCAS,29,VILA PRUDENTE,Leste,Leste 1,CAMPO JARDIM FIGUEIRA - GALERA,RUA  TOKUCHIKA MIKI / TOMÁS MAGALHÃES,SÍTIO DA FIGUEIRA,03211-010,12,1
384,-46526479,-23604991,355030872000155,3550308005159,74,SAO LUCAS,29,VILA PRUDENTE,Leste,Leste 1,CAMPO MIAMI,RUA  JOSÉ FERREIRA PAZ / JOÃO MACHADO E SILVA,VILA MIAMI,03254-070,12,1
385,-46502411,-23606670,355030876000046,3550308005157,78,SAPOPEMBA,29,VILA PRUDENTE,Leste,Leste 1,CAMPO LAR NACIONAL,"AVENIDA ARQUITETO  VILANOVA ARTIGAS, 1395",COHAB TEOTONIO VILELA,03928-240,12,1
386,-46480206,-23615582,355030873000154,3550308005206,75,SAO MATEUS,30,SAO MATEUS,Leste,Leste 2,CAMPO JARDIM SANTA ADÉLIA (1),RUA  MUNIZ GORDILHO / LIBERATO BARBOSA,JARDIM SANTA ADÉLIA,03971-000,12,1
387,-46469351,-23624688,355030875000007,3550308005212,77,SAO RAFAEL,30,SAO MATEUS,Leste,Leste 2,CAMPO UNIDOS SÃO RAFAEL,"RUA DOUTOR ARISTIDES RICARDO, ENTRE 55º DP E EMEI MANOEL FIEL FILHO",PQ. S. RAFAEL,08311-270,12,1
388,-46461910,-23627412,355030875000011,3550308005212,77,SAO RAFAEL,30,SAO MATEUS,Leste,Leste 2,CAMPO JARDIM RODOLFO PIRANI,RUA  JOSÉ DE ARAÚJO VIEIRA / DIOGO DE MORAIS LARA,JD. RODOLFO PIRANI,08310-240,12,1
389,-46454305,-23630330,355030875000210,3550308005277,77,SAO RAFAEL,30,SAO MATEUS,Leste,Leste 2,CAMPO 1º DE MAIO,"AVENIDA  BANDEIRA DE ARACAMBI, 300M DA AV. SAPOPEMBA",COHAB SÃO FRANCISCO,08310-010,12,1
390,-46442725,-23631788,355030875000102,3550308005278,77,SAO RAFAEL,30,SAO MATEUS,Leste,Leste 2,CAMPO CRUZEIRO,RUA  MIGUEL FERREIRA DE MELO / JORGE CARLOS DE ALMEIDA,JD. STO. ANDRÉ,08390-000,12,1
391,-46457787,-23624884,355030875000149,3550308005277,77,SAO RAFAEL,30,SAO MATEUS,Leste,Leste 2,CAMPO CONJUNTO PRÓ- MORAR RIO CLARO,RUA  CINIRA POLÔNIO / FRANCISCO NORONHA,CJ. PRÓ MORAR RIO CLARO,08395-320,12,1
392,-46462225,-23612091,355030873000143,3550308005208,75,SAO MATEUS,30,SAO MATEUS,Leste,Leste 2,CAMPO ESTÁDIO DO BARROCÃO,RUA  LIBRA / NEBULOSAS,SANTA BÁRBARA,08330-370,12,1
393,-46463622,-23603519,355030873000073,3550308005208,75,SAO MATEUS,30,SAO MATEUS,Leste,Leste 2,CAMPO GUARANÍ / CANARINHO,"RUA  FORTE DE ARAXÁ, 570",PARQUE SÃO LOURENÇO,08340-170,12,1
394,-46461893,-23597771,355030873000105,3550308005208,75,SAO MATEUS,30,SAO MATEUS,Leste,Leste 2,CAMPO JARDIM MARILU,"AVENIDA  RAGUEB CHOHFI, ENTRE VIAÇÃO IZAURA E ATRÁS DAS CASAS DA R. G",JARDIM COLONIAL,08375-000,12,1
395,-46458651,-23596878,355030833000046,3550308005274,32,IGUATEMI,30,SAO MATEUS,Leste,Leste 2,CAMPO JARDIM SÃO GONÇALO,ESTRADA DA FAZENDA DO CARMO / EMBITIBA,JD. SÃO GONÇALO,08265-060,12,1
396,-46450563,-23597584,355030833000023,3550308005274,32,IGUATEMI,30,SAO MATEUS,Leste,Leste 2,CAMPO PARQUE BOA ESPERANÇA,RUA  JOÃO CARLOS FERREIRA / ALMEIDA FALCÃO,PQ. BOA ESPERANÇA,08370-070,12,1
397,-46399932,-23599731,355030825000217,3550308005272,25,CIDADE TIRADENTES,31,CIDADE TIRADENTES,Leste,Leste 2,CAMPO DETROIT F.C.,"AVENIDA DOS METALÚRGICOS, 2253",CIDADE TIRADENTES,08471-000,12,1
398,-46661349,-23481106,355030813000144,3550308005124,13,CACHOEIRINHA,4,CASA VERDE-CACHOEIRINHA,Norte,Norte 1,CAMPO SÍTIO DO MANDAQUI,AVENIDA JOÃO  DOS SANTOS ALVES / MENDONÇA Jr.,COHAB - CACHOERINHA - FRG.DO,,12,1
399,-46569040,-23591160,355030893000009,3550308005082,95,VILA PRUDENTE,29,VILA PRUDENTE,Leste,Leste 1,CAMPO BOTAFOGO DE VILA BELA,"RUA  SARUMÃ, 347 / JOAQUIM NORBERTO DE BRITO",VILA LÚCIA,03143-080,12,1
400,-46588382,-23541088,355030808000013,3550308005016,08,BELEM,25,MOOCA,Leste,Leste 1,CAMPO METRÔ BELÉM,RUA  TOLEDO BARBOSA / ÁLVARO RAMOS,BELENZINHO,03061-000,12,1
401,-46552044,-23532872,355030880000110,3550308005036,82,TATUAPE,25,MOOCA,Leste,Leste 1,CAMPO VILA MARANHÃO,RUA  INGU / TIQUIA,VILA LUÍSA,03630-040,12,1
402,-46548277,-23535334,355030820000103,3550308005077,20,CARRAO,26,ARICANDUVA,Leste,Leste 1,CAMPO MÓQUEM,"AVENIDA  RADIAL LESTE / ARICANDUVA/RUA GENOVEVA, 129",CHÁCARA CALIFÓRNIA,01325-070,12,1
403,-46547864,-23534731,355030820000103,3550308005077,20,CARRAO,26,ARICANDUVA,Leste,Leste 1,CAMPO GUAIAUNA,AVENIDA  RADIAL LESTE / ARICANDUVA,CHÁCARA CALIFÓRNIA,01325-070,12,1
404,-46569375,-23497457,355030892000086,3550308005068,94,VILA MEDEIROS,7,VILA MARIA-VILA GUILHERME,Norte,Norte 2,CAMPO JARDIM GUANÇÃ I,RUA  ALFREDO ABRANTES / SEBASTIAN BACH,JD.GUANÇÃ,02151-060,12,1
405,-46565676,-23496138,355030892000083,3550308005068,94,VILA MEDEIROS,7,VILA MARIA-VILA GUILHERME,Norte,Norte 2,CAMPO PARQUE NOVO MUNDO,RUA SOLDADO JOSÉ DE ANDRADE / CABO NORBERTO,PARQUE NOVO MUNDO,02147-070,12,1
406,-46569912,-23493579,355030892000088,3550308005068,94,VILA MEDEIROS,7,VILA MARIA-VILA GUILHERME,Norte,Norte 2,CAMPO JARDIM GUANÇÃ II,"PRAÇA SANTA LUIZA MARILLAC, 65",JD.GUANÇÃ,02150-000,12,1
407,-46565351,-23488415,355030892000082,3550308005068,94,VILA MEDEIROS,7,VILA MARIA-VILA GUILHERME,Norte,Norte 2,CAMPO C. F. DO CONJUNTO HABITACIONAL FERNÃO DIAS,"AVB DO POETA, 740 / JOÃO SIMÃO DE CASTRO",JARDIM JULIETA,02161-160,12,1
408,-46545446,-23516411,355030859000127,3550308005071,60,PENHA,21,PENHA,Leste,Leste 1,CAMPO DO JAÚ ATLÉTICO CLUBE DA PENHA,"RUA  AMORIM DINIZ, 42",JARDIM JAÚ,03730-040,12,1
409,-46536750,-23501432,355030818000192,3550308005072,18,CANGAIBA,21,PENHA,Leste,Leste 1,CAMPO JARDIM FLAVIO,RUA  RINALDO CARLOS RAPHAEL ANGELICOLA,CANGAÍBA,03717-030,12,1
410,-46535607,-23501297,355030818000190,3550308005072,18,CANGAIBA,21,PENHA,Leste,Leste 1,CAMPO JARDIM LORENZO,RUA  ADELINA LINHARES,CANGAÍBA,03717-040,12,1
411,-46531691,-23496991,355030818000041,3550308005072,18,CANGAIBA,21,PENHA,Leste,Leste 1,CAMPO CANGAIBA,RUA  AGUARIBAI / MARGINAL PROJETADA,JARDIM SÃO FRANCISCO,03718-070,12,1
412,-46648034,-23461212,355030813000063,3550308005125,13,CACHOEIRINHA,4,CASA VERDE-CACHOEIRINHA,Norte,Norte 1,CAMPO GUARANI FUTEBOL CLUBE,"RUA  HORTENCIA, 57 / OSCAR SHURING",JARDIM PERI,02632-090,12,1
413,-46515995,-23585723,355030804000098,3550308005153,04,ARICANDUVA,26,ARICANDUVA,Leste,Leste 1,CAMPO BEIRA RIO,RUA  LAURO XERFAN,JD.IVA,03921-020,12,1
414,-46499999,-23574375,355030824000077,3550308005152,24,CIDADE LIDER,27,ITAQUERA,Leste,Leste 2,CAMPO JARDIM SANTA TEREZINHA,RUA NOSSA SENHORA NOVA CONQUISTA / CAMPO DA VINHA,JARDIM SANTA TEREZINHA,03572-110,12,1
415,-46525812,-23531302,355030891000059,3550308005075,93,VILA MATILDE,21,PENHA,Leste,Leste 1,CAMPO VILA ESPERANÇA,RUA  ALVINÓPOLIS / EVANS,VILA MATILDE,03644-070,12,1
416,-46508448,-23551112,355030824000121,3550308005150,24,CIDADE LIDER,27,ITAQUERA,Leste,Leste 2,CAMPO XV DE NOVEMBRO,RUA  UXI / UACUMÃ,JARDIM SANTA MARIA,03576-090,12,1
417,-46497922,-23556587,355030824000063,3550308005150,24,CIDADE LIDER,27,ITAQUERA,Leste,Leste 2,CAMPO JARDIM FERNANDES,RUA  DOMINGOS JOSÉ PELEGI / HENRIQUE PERDIGÃO,JARDIM FERNANDES,03581-190,12,1
418,-46504083,-23545865,355030891000071,3550308005147,93,VILA MATILDE,21,PENHA,Leste,Leste 1,CAMPO CANTO DA VILA,AVENIDA PROFESSOR EDGAR SANTOS / MARGARIDA MARIA ALVES,JARDIM MARINA,03560-080,12,1
419,-46477812,-23590270,355030873000035,3550308005208,75,SAO MATEUS,30,SAO MATEUS,Leste,Leste 2,CAMPO C. F. DO JARDIM NOVE DE JULHO,"AVENIDA  ARICANDUVA, PROXIMO DA USINA DE COMPOSTAGEM DE LIXO",JD. 9 DE JULHO,03951-220,12,1
420,-46478849,-23565370,355030824000072,3550308005203,24,CIDADE LIDER,27,ITAQUERA,Leste,Leste 2,CAMPO JARDIM DAS CARMELITAS,RUA   JEAN MAYER Nº 157 C/ PIERRE GAETAN LEYMARIE,JARDIM DAS CARMELITAS,08275-600,12,1
421,-46490247,-23553564,355030824000039,3550308005150,24,CIDADE LIDER,27,ITAQUERA,Leste,Leste 2,CAMPO JARDIM BRASÍLIA CASCAVEL,AVENIDA  ITAQUERA / SERRA DAS DIVISÕES,CIDADE LÍDER,03450-000,12,1
422,-46487097,-23543211,355030805000056,3550308005148,05,ARTUR ALVIM,21,PENHA,Leste,Leste 1,CAMPO C. F. DA COHAB ARTUR ALVIM (CASCAVEL),"RUA  PEIXOTO WERNECK, 83 / TOMÁS DE VILA NOVA",PARQUE ARTUR ALVIM,03563-120,12,1
423,-46466736,-23559237,355030857000029,3550308005204,58,PARQUE DO CARMO,27,ITAQUERA,Leste,Leste 2,CAMPO DE FUTEBOL DA CIDADE LIDER,"RUA DOUTOR FRANCISCO MUNHOZ FILHO, 906",CIDADE LIDER,08280-000,12,1
424,-46527875,-23504769,355030818000038,3550308005072,18,CANGAIBA,21,PENHA,Leste,Leste 1,CAMPO DO PINXIGUINHA,RUA  LUCIANO NOGUEIRA / CARLOS DA SILVEIRA,JARDIM JANIÓPOLIS,03721-080,12,1
425,-46530366,-23497411,355030818000082,3550308005072,18,CANGAIBA,21,PENHA,Leste,Leste 1,CAMPO JARDIM SÃO FRANCISCO,RUA  PETIMBUABA / ARAMANDARA,JARDIM SÃO FRANCISCO,03718-040,12,1
426,-46489885,-23497190,355030828000062,3550308005140,28,ERMELINO MATARAZZO,22,ERMELINO MATARAZZO,Leste,Leste 2,CAMPO PÉROLA VERDE,RUA  FRANCISCO PIZARRO / MUNGO PARK,PQ. BOTURUSSÚ,03801-040,12,1
427,-46474991,-23523618,355030805000072,3550308005146,05,ARTUR ALVIM,21,PENHA,Leste,Leste 1,CAMPO JARDIM SÃO NICOLAU,RUA  SONHO GAÚCHO / ÁGUIA DE HAIA,JARDIM SÃO NICOLAU,03685-000,12,1
428,-46475256,-23523270,355030864000128,3550308005143,65,PONTE RASA,22,ERMELINO MATARAZZO,Leste,Leste 2,CAMPO DIAMANTES,RUA  SONHO GAUCHO / CÓRREGO DA PONTE RAZA,CJ. PEROLA,03685-000,12,1
429,-46475558,-23516978,355030837000261,3550308005199,36,ITAQUERA,27,ITAQUERA,Leste,Leste 2,CAMPO A. E. CARVALHO - XI CAPRICHOSO,AVENIDA  ÁGUIA DE HAIA / IMPERADOR,PARQUE PAINEIRAS,03694-000,12,1
430,-46478334,-23509885,355030864000127,3550308005141,65,PONTE RASA,22,ERMELINO MATARAZZO,Leste,Leste 2,CAMPO JARDIM COTINHA,RUA SÃO JOSÉ DO GOIABAL / LUIZ CALHEIROS,JD.COTINHA,03883-050,12,1
431,-46466657,-23495109,355030887000033,3550308005194,89,VILA JACUI,23,SAO MIGUEL,Leste,Leste 2,CAMPO PARQUE CRUZEIRO,RUA  CIANE / NEMÉSIO LAVILA,PARQUE CRUZEIRO DO SUL,08070-070,12,1
432,-46485214,-23493227,355030828000017,3550308005139,28,ERMELINO MATARAZZO,22,ERMELINO MATARAZZO,Leste,Leste 2,CAMPO C. F. DO JARDIM VERÔNICA (POVÃO COLORADO),RUA  BENEVENUTO  DE MAGALHÃES TAQUES,JD. VERÔNICA,03814-120,12,1
433,-46472785,-23487919,355030828000178,3550308005192,28,ERMELINO MATARAZZO,22,ERMELINO MATARAZZO,Leste,Leste 2,CAMPO DANÚBIO,RUA  FIGUEIRA DA POLINÉSIA / TARTARUGA,JD. BELÉM,03813-000,12,1
434,-46466048,-23486847,355030887000151,3550308005194,89,VILA JACUI,23,SAO MIGUEL,Leste,Leste 2,CAMPO ERMELINENSE,AVENIDA DOUTOR ASSIS RIBEIRO / RODEIRO,VILA JACUÍ,03717-000,12,1
435,-46460559,-23563926,355030857000025,3550308005205,58,PARQUE DO CARMO,27,ITAQUERA,Leste,Leste 2,CAMPO FAZENDA NOSSA SENHORA DO CARMO,AVENIDA  FRANCISCO TRANCHESI / JOAQUIM F. OLIVEIRA,FAZENDA NOSSA SENHORA DO CARMO,08270-460,12,1
436,-46441819,-23583193,355030857000038,3550308005205,46,JOSE BONIFACIO,27,ITAQUERA,Leste,Leste 2,CAMPO XI GAROTOS,AVENIDA  JACÚ PÊSSEGO,PARQUE GUARANI,08260-005,12,1
437,-46463261,-23539459,355030837000050,3550308005198,36,ITAQUERA,27,ITAQUERA,Leste,Leste 2,CAMPO ITAQUERA,ESTRADA  DE FERRO CPTM / ESTAÇÃO METRÔ ITAQUERA,CIDADE A . E. CARVALHO,08220-160,12,1
438,-46440865,-23543747,355030847000073,3550308005263,46,JOSE BONIFACIO,27,ITAQUERA,Leste,Leste 2,CAMPO AAL CAR,RUA  ISIDORO DE LARA / ANSELMO RODRIGUES,CONJ. RES.JOSÉ BONIFÁCIO,08253-250,12,1
439,-46429849,-23554354,355030847000055,3550308005262,46,JOSE BONIFACIO,27,ITAQUERA,Leste,Leste 2,CAMPO COHAB - ITAQUERA IV,RUA  AMOR DE ÍNDIO,CONJ.RES.JOSÉ BONIFÁCIO,08257-020,12,1
440,-46430017,-23552604,355030847000029,3550308005262,46,JOSE BONIFACIO,27,ITAQUERA,Leste,Leste 2,CAMPO VILA COSMOPOLITA / BOTAFOGO,"RUA JARDIM TAMOIO, 1738 / LUIS MATEUS",COHAB JOSÉ BONIF.IT.II E III,08255-010,12,1
441,-46431408,-23541275,355030847000047,3550308005261,46,JOSE BONIFACIO,27,ITAQUERA,Leste,Leste 2,CAMPO JARDIM HELENA (GUAIANAZES),"RUA  SERAFIM DOS ANJOS, 307 / CAETANO DUARTE",JARDIM HELENA,08420-350,12,1
442,-46427308,-23536188,355030847000108,3550308005261,46,JOSE BONIFACIO,27,ITAQUERA,Leste,Leste 2,CAMPO JARDIM ETELVINA,"ESTRADA DE ITAQUERA / GUAIANASES, 2035",ITAQUERA COHAB STA. ETELVINA,08250-010,12,1
443,-46427335,-23533227,355030896000121,3550308005258,47,LAJEADO,28,GUAIANAZES,Leste,Leste 2,CAMPO JARDIM MORENO,RUA  MARGARIDA CRISTINA BAUMANN / FAUSTINO DIAS,JARDIM SÃO PAULO,08245-490,12,1
444,-46408402,-23560117,355030831000050,3550308005266,31,GUAIANASES,28,GUAIANAZES,Leste,Leste 2,CAMPO JARDIM SÃO PAULO,RUA  MIGUEL ACHIOLE DA FONSECA / FERNÃO CARVALHO,JD. SÃO PAULO,08480-110,12,1
445,-46461978,-23517875,355030837000241,3550308005199,36,ITAQUERA,27,ITAQUERA,Leste,Leste 2,CAMPO PARQUE GUARANI,RUA RAINHA    DA   NOITE / TREVO DE STA. MARIA,PQ. GUARANI,08235-000,12,1
446,-46455947,-23522817,355030837000032,3550308005200,36,ITAQUERA,27,ITAQUERA,Leste,Leste 2,CAMPO VILA TAQUARI,AVENIDA  JACÚ PÊSSEGO / FRANCISCO SALES MALTA JÚNIOR,VILA TAQUARI,08260-005,12,1
447,-46456949,-23499261,355030887000003,3550308005193,89,VILA JACUI,23,SAO MIGUEL,Leste,Leste 2,CAMPO JUVENTUS DE VILA JACUÍ,AVENIDA  GURIS / JACU PÊSSEGO,VILA JACUÍ,08060-400,12,1
448,-46446180,-23509043,355030887000107,3550308005193,89,VILA JACUI,23,SAO MIGUEL,Leste,Leste 2,CAMPO ONZE PAULISTA,RUA  CATOLÉ,JARDIM PLANALTO,08040-470,12,1
449,-46453999,-23492467,355030887000038,3550308005194,89,VILA JACUI,23,SAO MIGUEL,Leste,Leste 2,CAMPO TRICOLOR DO PARQUE GUARANI,AVENIDA  NOVA TRABALHADORES / BARÃO DE CANCELA,PARQUE GUARANI,08260-005,12,1
450,-46447976,-23487795,355030874000134,3550308005196,76,SAO MIGUEL,23,SAO MIGUEL,Leste,Leste 2,CAMPO JARDIM LAPENNA,RUA  SERRA DA JURUOCA,JARDIM LAPENA,08071-180,12,1
451,-46436010,-23484724,355030874000123,3550308005196,76,SAO MIGUEL,23,SAO MIGUEL,Leste,Leste 2,CAMPO TROTIL,AVENIDA DOUTOR JOSÉ ARTUR  NOVA / RIO TIETÊ,PARQUE PAULISTANO,08090-000,12,1
452,-46429328,-23515551,355030884000213,3550308005253,86,VILA CURUCA,24,ITAIM PAULISTA,Leste,Leste 2,CAMPO TRICOLOR PAULISTA,RUA  MANDRÁGORAS / RIO ITAQUERA,JARDIM SANTO ANTONIO,08032-200,12,1
453,-46421365,-23523682,355030896000161,3550308005257,47,LAJEADO,28,GUAIANAZES,Leste,Leste 2,CAMPO JARDIM CENTENÁRIO,RUA  VICENZO RUFFO / CARLOS MANELLI,JD. CENTENÁRIO,08430-320,12,1
454,-46422408,-23520562,355030884000132,3550308005253,47,LAJEADO,28,GUAIANAZES,Leste,Leste 2,CAMPO CRUZEIRO,RUA  TAPERÁ / COTINGA,PARQUE INDUSTRIAL,08032-450,12,1
455,-46418400,-23513826,355030884000005,3550308005252,86,VILA CURUCA,24,ITAIM PAULISTA,Leste,Leste 2,CAMPO BOSTON,RUA  OSÓRIO FRANCO VILHENA / CÓRREGO ÁGUA VERMELHA,VILA CURUÇA,08030-590,12,1
456,-46419088,-23511272,355030884000005,3550308005252,86,VILA CURUCA,24,ITAIM PAULISTA,Leste,Leste 2,CAMPO PEDRO MEIRA,RUA  LÍRIO BRANCO / PIMENTEIRA,VILA CURUÇA,08030-650,12,1
457,-46419135,-23506282,355030884000009,3550308005253,86,VILA CURUCA,24,ITAIM PAULISTA,Leste,Leste 2,CAMPO MARAJÁ,RUA  RAIZ FORTE / BOTÃO PRATA,VILA CURUÇA,08030-760,12,1
458,-46417645,-23502418,355030884000010,3550308005248,86,VILA CURUCA,24,ITAIM PAULISTA,Leste,Leste 2,CAMPO 1º DE MAIO I,RUA  OSÓRIO FRANCO VILHENA,VILA CURUÇA,08030-590,12,1
459,-46410041,-23526508,355030896000044,3550308005259,47,LAJEADO,28,GUAIANAZES,Leste,Leste 2,CAMPO COIMBRA,RUA  SERRA DA QUEIMADA / JOSÉ GRAVONSKY,JARDIM ROBRÚ,08431-640,12,1
460,-46400482,-23516020,355030836000253,3550308005256,35,ITAIM PAULISTA,24,ITAIM PAULISTA,Leste,Leste 2,CAMPO AMOJAMA,RUA  TEOFILÂNDIA / SANTA BARBARA DO SUL,ITAIM PAULISTA,08141-135,12,1
461,-46420616,-23492013,355030844000181,3550308005246,43,JARDIM HELENA,23,SAO MIGUEL,Leste,Leste 2,CAMPO SAVIMAR,RUA SÃO   GONÇALO DO RIO DAS PEDRAS / LINHA DE TREM CPTM,CONJ.HAB.VILA MARA,08081-000,12,1
462,-46419038,-23478367,355030844000195,3550308005244,43,JARDIM HELENA,23,SAO MIGUEL,Leste,Leste 2,CAMPO JARDIM HELENA,AVENIDA  KUMAKI AOKI / CRAVEIRO DE CAMPO,JARDIM HELENA,08090-370,12,1
463,-46392960,-23503799,355030836000272,3550308005249,35,ITAIM PAULISTA,24,ITAIM PAULISTA,Leste,Leste 2,CAMPO TOSSAN,RODOVIA PROFESSOR ZEFERINO FERRAZ / JANDIÁ,JARDIM CAMARGO,08120-380,12,1
464,-46716419,-23768482,355030855000015,3550308005299,56,PARELHEIROS,20,PARELHEIROS,Sul,Sul 2,MINI CAMPO CENTRO DE TREINAMENTO PINHEIRÃO OU C.C.JD. Mª BORBA,"AVENIDA SENADOR TEOTÔNIO VILELA, KM 29 EM FRENTE AO Nº 8113",PARQUE MARIA FERNANDES,04864-001,13,1
465,-46697848,-23746968,355030830000211,3550308005284,30,GRAJAU,19,CAPELA DO SOCORRO,Sul,Sul 2,MINI CAMPO ESPORTE CLUBE CORINTIANS DO JARDIM DOS MANACÁS,RUA  XAVIER DE MAGALHÃES / BARTOLOMEU ORDENÁZ,JARDIM DOS MANACÁS,04844-120,13,1
466,-46683205,-23754136,355030830000014,3550308005280,30,GRAJAU,19,CAPELA DO SOCORRO,Sul,Sul 2,MINI CAMPO GREMIO RECREATIVO BRIGADEIRO FARIA LIMA,"RUA SÃO JOSE DO RIO PRETO, 98",CONJ.HAB.BRIG.FARIA LIMA,04840-460,13,1
467,-46773999,-23660026,355030819000006,3550308005231,19,CAPAO REDONDO,17,CAMPO LIMPO,Sul,Sul 2,MINI CAMPO BEM BOLADO - COHAB  ADVENTISTA,"RUA  ARROIO BUTIÁ, ALT. DO Nº 250 / ARROIO TIBIAIA",JARDIM ITAOCA-COHAB ADVENTISTA,05858-030,13,1
468,-46758465,-23661293,355030819000123,3550308005231,19,CAPAO REDONDO,17,CAMPO LIMPO,Sul,Sul 2,MINI CAMPO DE FUTEBOL JARDIM CAMPO DE FORA,"RUA  DOMENICO FONTANA, AO LADO DO  Nº 29",JARDIM CAMPO DE FORA,05854-080,13,1
469,-46769948,-23642698,355030817000036,3550308005237,17,CAMPO LIMPO,17,CAMPO LIMPO,Sul,Sul 2,MINI CAMPO S.A .J.U,"RUA  FRANKLIM TÁVORA, 433 / JACOB MEDEIROS DE MIRANDA",JARDIM UMUARAMA,05794-270,13,1
470,-46683699,-23684538,355030816000037,3550308005171,16,CAMPO GRANDE,14,SANTO AMARO,Sul,Sul 2,"MINI CAMPO SOCIEDADE AMIGOS DA VILA SABARA, MANACÁ",RUA  JAIME RODRIGUES / JUARI,VILA SABARÁ,04446-230,13,1
471,-46668931,-23673778,355030822000065,3550308005167,22,CIDADE ADEMAR,16,CIDADE ADEMAR,Sul,Sul 2,MINI CAMPO JARDIM MARTINI,RUA  ALÉSSIO DE PAOLIS / LAURO PARENTE,JARDIM MARTINI,04438-200,13,1
472,-46637250,-23685583,355030822000251,3550308005165,22,CIDADE ADEMAR,16,CIDADE ADEMAR,Sul,Sul 2,MINI CAMPO CENTRO COMUNITÁRIO JARDIM MIRIAM,"RUA  ÂNGELO CRISTIANINI, 500 / VICTÓRIO DE PAIVA",JARDIM MIRIAM,04424-000,13,1
473,-46499491,-23610263,355030876000330,3550308005209,78,SAPOPEMBA,29,VILA PRUDENTE,Leste,Leste 1,MINI CAMPO DE FUTEBOL - CONFIANÇA,RUA  FRANCESCO USPER,CONJ.HAB.TEOTONIO VILELA,03927-340,13,1
474,-46523307,-23530651,355030859000030,3550308005144,60,PENHA,21,PENHA,Leste,Leste 1,MINI CAMPO VILA ESPERANÇA,"RUA  CECILIA, 100 / LINHA DE TREM CPTM",VILA ESPERANÇA,03651-040,13,1
475,-46511082,-23526832,355030859000043,3550308005144,60,PENHA,21,PENHA,Leste,Leste 1,MINI CAMPO PRAÇA ANTONIO ALBERTO C/ R. EUNICE,PRAÇA  ANTONIO ALBERTO / EUNICE,VILA GRANADA,03656-100,13,1
476,-46387981,-23504408,355030836000019,3550308005251,35,ITAIM PAULISTA,24,ITAIM PAULISTA,Leste,Leste 2,MINI CAMPO CONJUNTO ANA ROSA,RUA  JECA TATU / FRANCISCO VELASQUES,JARDIM CAMARGO,08120-530,13,1
477,-46707941,-23732412,355030823000129,3550308005286,23,CIDADE DUTRA,19,CAPELA DO SOCORRO,Sul,Sul 2,QUADRA SOCIEDADE AMIGOS DO JARDIM DAS IMBUIAS E ADJACÊNCIAS,"RUA PROFESSOR ENEAS DE SIQUEIRA NETO, 997",JARDIM DAS IMBUIAS,04829-300,14,1
478,-46790766,-23672643,355030819000136,3550308005297,19,CAPAO REDONDO,17,CAMPO LIMPO,Sul,Sul 2,QUADRA SOCIEDADE AMIGOS PARQUE FERNANDA,"AVENIDA  SALVADOR ROCCO, 1128",PARQUE FERNANDA,05888-050,14,1
479,-46760991,-23684541,355030843000181,3550308005227,42,JARDIM ANGELA,18,M'BOI MIRIM,Sul,Sul 2,QUADRA DE FUTEBOL DE SALÃO PRAÇA DAS NOTAS MUSICAIS,"PRAÇA DAS NOTAS MUSICAIS, S/N",VILA BOM JARDIM,04937-130,14,1
480,-46761883,-23646730,355030817000069,3550308005237,17,CAMPO LIMPO,17,CAMPO LIMPO,Sul,Sul 2,QUADRA SOCIEDADE AMIGOS DO JARDIM PIRACUAMA,"RUA  ÁUREA DA GAMA, 903 / JOÃO RODRIGUES SOUZA",JARDIM PIRACUAMA,05763-290,14,1
481,-46775039,-23633620,355030817000050,3550308005236,17,CAMPO LIMPO,17,CAMPO LIMPO,Sul,Sul 2,QUADRA DE FUTEBOL DE SALÃO DE VILA PIRAJUSSARA,RUA DOUTOR JOVIANO PACHECO DE AGUIRRE,CAMPO LIMPO,05788-290,14,1
482,-46745756,-23656856,355030846000190,3550308005229,45,JARDIM SAO LUIS,18,M'BOI MIRIM,Sul,Sul 2,QUADRA PRÓ MORAR SÃO LUIZ,RUA FREI LUIZ BELTRÃO,COHAB PRÓ MORAR SÃO LUIZ,05846-170,14,1
483,-46736446,-23644882,355030846000296,3550308005228,45,JARDIM SAO LUIS,18,M'BOI MIRIM,Sul,Sul 2,QUADRA DE ESPORTE MONTE AZUL,AVENIDA  TOMAZ DE SOUZA / JOÃO BATISTA JORDÃO,JARDIM MONTE AZUL,05836-350,14,1
484,-46730931,-23650772,355030846000338,3550308005225,45,JARDIM SAO LUIS,18,M'BOI MIRIM,Sul,Sul 2,QUADRA DE ESPORTES JARDIM NAGIB SALEM E CENTRO EMPRESARIAL,RUA  GUIMARÃES TAVARES / JOSÉ DA MATA CARDIM,JARDIM NAGIB SALEM,05805-030,14,1
485,-46731466,-23644041,355030846000080,3550308005228,45,JARDIM SAO LUIS,18,M'BOI MIRIM,Sul,Sul 2,QUADRA DE FUTEBOL DE SALÃO JARDIM MIRANTE,"AVENIDA  JOÃO DIAS, 3320 / LUIZ GRASSMANN",JARDIM MIRANTE,05801-000,14,1
486,-46761892,-23489521,355030895000106,3550308005111,73,SAO DOMINGOS,2,PIRITUBA,Norte,Norte 1,QUADRA CLUBE ESPORTIVO JARDIM JARAGUÁ - PARQUE LANDIN,"RUA  BOAVENTURA PEREIRA, 121 / BRANCA DE LIMA",PARQUE ANHANGUERA,05158-240,14,1
487,-46696994,-23534770,355030860000132,3550308005057,61,PERDIZES,8,LAPA,Oeste,Oeste,QUADRA ANDRÉ LAGRECA,"RUA  JAMIL SAFADY, 51",BAIRRO SICILIANO,05046-020,14,1
488,-46672199,-23475653,355030829000155,3550308005118,29,FREGUESIA DO O,3,FREGUESIA-BRASILANDIA,Norte,Norte 1,QUADRA ASSOCIAÇÃO DOS MORADORES E AMIGOS DA VILA HEBE,RUA  LUIGI SABBATINI / INAJAR DE SOUZA,VILA HEBE,02765-150,14,1
489,-46698453,-23454902,355030811000167,3550308005122,11,BRASILANDIA,3,FREGUESIA-BRASILANDIA,Norte,Norte 1,QUADRA ESPORTIVA CARUMBÉ,"RUA  LAURINDO DOS SANTOS, 250 / MANOEL BOLIVAR",JARDIM CARUMBÉ,02855-060,14,1
490,-46645131,-23593776,355030890000176,3550308005046,92,VILA MARIANA,12,VILA MARIANA,Sul,Sul 1,QUADRA CLUBE ADAMOS DE VOLEIBOL,"RUA  ESTADO DE ISRAEL, 638",VILA MARIANA,04022-001,14,1
491,-46461893,-23597771,355030873000105,3550308005208,75,SAO MATEUS,30,SAO MATEUS,Leste,Leste 2,QUADRA N. E. DO JARDIM AUGUSTO,AVENIDA  RAGUEB CHOHFI,JARDIM COLONIAL,08375-000,14,1
492,-46632126,-23523678,355030809000018,3550308005004,09,BOM RETIRO,9,SE,Centro,Centro,QUADRA DO BOCA,"AVENIDA DO ESTADO, 846",BOM RETIRO,11080-000,14,1
493,-46565908,-23572564,355030801000019,3550308005041,01,AGUA RASA,25,MOOCA,Leste,Leste 1,QUADRA NUCLEO ESPORTIVO VILA DIVA,"RUA  LAVINIA RIBEIRO, 34",VILA DIVA,03351-110,14,1
494,-46483097,-23548012,355030805000093,3550308005148,05,ARTUR ALVIM,21,PENHA,Leste,Leste 1,QUADRA ESPORTIVA COHAB I,"RUA  TOMAZ DE VILANOVA, 77",CONJ.HAB.PE MANOEL DA NÓBREGA,03590-100,14,1
495,-46478651,-23536046,355030805000002,3550308005146,05,ARTUR ALVIM,21,PENHA,Leste,Leste 1,QUADRA ESPORTIVA PARQUE DAS PAINEIRAS,RUA  JOSÉ GIORDANO / MUSEU REAL,PARQUE DAS PAINEIRAS,03694-010,14,1
496,-46507934,-23520574,355030859000067,3550308005145,60,PENHA,21,PENHA,Leste,Leste 1,QUADRA ESPORTIVA VILA GERMAINE,PRAÇA  OCAPEGUÁ / GAPÉ,VILA GERMAINE,03660-080,14,1
497,-46484178,-23514308,355030864000048,3550308005141,65,PONTE RASA,22,ERMELINO MATARAZZO,Leste,Leste 2,QUADRA DO AMAZONENSE,RUA DONA IDA / NÉLIA,VILA RIBEIRO DOS SANTOS,03893-040,14,1
498,-46478166,-23498389,355030828000009,3550308005192,28,ERMELINO MATARAZZO,22,ERMELINO MATARAZZO,Leste,Leste 2,QUADRA ESPORTIVA VILA PARANAGUÁ,"RUA PROFESSOR ANTONIO DE CASTRO LOPES, 954",VILA PARANAGUÁ,03805-080,14,1
499,-46480050,-23492599,355030828000008,3550308005192,28,ERMELINO MATARAZZO,22,ERMELINO MATARAZZO,Leste,Leste 2,QUADRA ESPORTIVA BOTURUSSÚ,"AVENIDA PROFESSOR ANTONIO DE CASTRO LOPES / BOTURUSSÚ, 1359",PARQUE BOTURUSSÚ,03802-010,14,1
500,-46453999,-23492467,355030887000038,3550308005194,89,VILA JACUI,23,SAO MIGUEL,Leste,Leste 2,QUADRA ESPORTIVA JARDIM SANTANA,AVENIDA  JACÚ PÊSSEGO / ELVIRA BONIFÁCIA  DO MONTE,PARQUE GUARANI,08260-005,14,1
501,-46453999,-23492467,355030887000038,3550308005194,89,VILA JACUI,23,SAO MIGUEL,Leste,Leste 2,QUADRA ESPORTIVA PARQUE SEVILHA,AVENIDA  JACÚ PÊSSEGO / IMPERADOR (SOB O VIADUTO IMPERADOR),VILA JACUÍ,08260-005,14,1
502,-46440038,-23494041,355030874000093,3550308005196,76,SAO MIGUEL,23,SAO MIGUEL,Leste,Leste 2,QUADRA ESPORTIVA VILA AMERICANA,RUA  AMÉRICO GOMES DA COSTA / ANTONIO DA GAMA CERQUEIRA,VILA AMERICANA,08010-120,14,1
503,-46429950,-23517049,355030874000047,3550308005197,76,SAO MIGUEL,23,SAO MIGUEL,Leste,Leste 2,QUADRA ESPORTIVA VILA PROGRESSO,RUA  GOIVINHO DA PRAIA / ARDISIA,JDIM SANTO ANTONIO,08245-220,14,1
504,-46421719,-23500973,355030884000061,3550308005253,86,VILA CURUCA,24,ITAIM PAULISTA,Leste,Leste 2,QUADRA ESPORTIVA VILA CURUÇÁ,PRAÇA  JAGUAMITANGA / GUAXIMA,VILA CURUÇÁ,08030-330,14,1
505,-46410262,-23522487,355030884000084,3550308005252,86,VILA CURUCA,24,ITAIM PAULISTA,Leste,Leste 2,QUADRA ESPORTIVA JARDIM ROBRÚ,AVENIDA  JOÃO BATISTA SANTIAGO / JOSÉ MARIA ALVES DE DEUS,JARDIM ROBRÚ,08150-030,14,1
506,-46776695,-23648743,355030817000217,3550308005237,17,CAMPO LIMPO,17,CAMPO LIMPO,Sul,Sul 2,BOCHA CANCHA DE BOCHA DA COHAB II,RUA PROFESSOR LEÔNCIO GURGEL,JARDIM SÃO PEDRO,08420-640,15,1
507,-46736929,-23597912,355030894000116,3550308005179,96,VILA SONIA,10,BUTANTA,Oeste,Oeste,MALHA CLUBE DE MALHA NOVE DE JULHO,"AVENIDA PROFESSOR GIÓIA MARTINS, 305",JARDIM MONTE KEMEL,05632-020,15,1
508,-46685902,-23682892,355030816000019,3550308005171,16,CAMPO GRANDE,14,SANTO AMARO,Sul,Sul 2,MALHA SOCIEDADE AMIGOS VILA ARRIETE,"RUA  ELYDIO RODRIGUES NUNES, 611",VILA ARIETE,04445-060,15,1
509,-46693319,-23531224,355030848000070,3550308005059,48,LAPA,8,LAPA,Oeste,Oeste,MALHA CLUBE DE MALHA SUMARÉ,"RUA  BARBARA HELIODORA, 129 / SILVEIRA RODRIGUES",BAIRRO SICILIANO,05044-040,15,1
510,-46699520,-23485993,355030829000012,3550308005116,29,FREGUESIA DO O,3,FREGUESIA-BRASILANDIA,Norte,Norte 1,MALHA CM DA CHACARA NOSSA SENHORA APARECIDA,"RUA DOUTOR ARTUR FAJARDO, 509",CHAC.NOSSA SENHORA APARECIDA,02963-000,15,1
511,-46663610,-23476219,355030813000142,3550308005124,13,CACHOEIRINHA,4,CASA VERDE-CACHOEIRINHA,Norte,Norte 1,MALHA CM DO JARDIM PERI,"AVENIDA  MARIANA CALIGIORI RONCHETTI, 148",JARDIM PERI,02650-000,15,1
512,-46633538,-23607529,355030877000044,3550308005047,79,SAUDE,12,VILA MARIANA,Sul,Sul 1,MALHA CLUBE DE MALHA CORREIA DE LEMOS,RUA  RONDINHA / VIELA UM  Nº 60,CHÁCARA INGLESA,04140-010,15,1
513,-46619465,-23573271,355030814000004,3550308005006,14,CAMBUCI,9,SE,Centro,Centro,MALHA CLUBE DE MALHA E BOCHA TRIÂNGULO(VILA DEODORO),"RUA DOM DUARTE LEOPOLDO, 1039",CAMBUCI,01542-000,15,1
514,-46609195,-23580821,355030834000009,3550308005019,33,IPIRANGA,13,IPIRANGA,Sul,Sul 1,BOCHA CENTRO DESPORTIVO INDEPENDÊNCIA,"PRAÇA  DO MONUMENTO , 01",PARQUE DA INDEPENDÊNCIA,04261-050,15,1
515,-46585553,-23592944,355030893000158,3550308005042,95,VILA PRUDENTE,29,VILA PRUDENTE,Leste,Leste 1,BOCHA CAMPO DE BOCHA DA VILA CARIOCA,"RUA  VEMAG, 1343",VILA CARIOCA,04217-050,15,1
516,-46587751,-23556333,355030853000061,3550308005017,54,MOOCA,25,MOOCA,Leste,Leste 1,BOCHA ASSOC. BOCHÓFILA DOS APOSENTADOS DA MOÓCA-ABAM,"RUA  BENJAMIN REIS, 105",VILA CLÁUDIA,03178-060,15,1
517,-46533783,-23543483,355030820000028,3550308005078,20,CARRAO,26,ARICANDUVA,Leste,Leste 1,MALHA CANCHA DE MALHA UNIDOS DE VILA MANCHESTER,RUA  ZAMBEZE / BERIBE,VILA NOVA MANCHESTER,03441-000,15,1
518,-46532580,-23530795,355030859000058,3550308005074,60,PENHA,21,PENHA,Leste,Leste 1,BOCHA CANCHA DE BOCHA E MALHA BEIRA RIO,RUA  DEMINI / CÓRREGO RINCÃO,VILA CARLOS DE CAMPOS,03641-040,15,1
519,-46511986,-23519091,355030859000027,3550308005145,60,PENHA,21,PENHA,Leste,Leste 1,BOCHA JARDIM PAULA,RUA  DOMINGOS DE CARLO / AMÉRICO FONTANELE,VILA MARIA AMÁLIA,03659-000,15,1
520,-46480050,-23492599,355030828000008,3550308005192,28,ERMELINO MATARAZZO,22,ERMELINO MATARAZZO,Leste,Leste 2,BOCHA CANCHA DE BOCHA BOTURUSSÚ,RUA  BOTURUSSÚ / ANTONIO CASTRO LOPES,PARQUE BOTURUSSÚ,03802-010,15,1
521,-46444562,-23499020,355030874000092,3550308005196,76,SAO MIGUEL,23,SAO MIGUEL,Leste,Leste 2,MALHA CLUBE DE MALHA E BOCHA APOSENTADOS DE SÃO MIGUEL,"RUA  TORIXORÉU, 200",PARQUE SONIA,08020-010,15,1
522,-46427539,-23513934,355030884000090,3550308005253,86,VILA CURUCA,24,ITAIM PAULISTA,Leste,Leste 2,BOCHA CANCHA DE BOCHA TRÊS COQUEIROS C/ R. ÁRVORE DA CERA,RUA  JEQUIRANA DE GOIÁS,JARDIM SANTO ANTONIO,08032-230,15,1
523,-46430440,-23504664,355030874000016,3550308005197,76,SAO MIGUEL,23,SAO MIGUEL,Leste,Leste 2,GATEBAL CANCHA DE GATEBALL JARDIM SÃO VICENTE,RUA  IDA VANUSSI PUNTEL / PRAIA DO VALENTE,CIDADE NOVA SÃO MIGUEL,08042-280,16,1
524,-46708997,-23729076,355030823000091,3550308005287,23,CIDADE DUTRA,19,CAPELA DO SOCORRO,Sul,Sul 2,SOCIETY JARDIM DAS IMBUIAS,"RUA  JOSÉ LUIS MONTEIRO, 520",JARDIM DAS CAMÉLIAS,04829-240,17,1
525,-46681387,-23745329,355030830000105,3550308005283,30,GRAJAU,19,CAPELA DO SOCORRO,Sul,Sul 2,SOCIETY CAMPO SOCIETY ASSOCIAÇÃO MORADORES PARQUE GRAJAÚ,RUA  DOMINGOS RINALDELLI,PARQUE GRAJAÚ,04842-100,17,1
526,-46786140,-23692203,355030843000294,3550308005293,42,JARDIM ANGELA,18,M'BOI MIRIM,Sul,Sul 2,SOCIETY CAMPO SOCIETY SOCIEDADE AMIGOS DO JARDIM GUARUJÁ,"AVENIDA  GUARUJÁ, 311 / PRAÇA REGINALDO ALVES DO AMARAL",JARDIM GUARUJÁ,05877-230,17,1
527,-46776695,-23648743,355030817000217,3550308005237,17,CAMPO LIMPO,17,CAMPO LIMPO,Sul,Sul 2,SOCIETY CAMPO SOCIETY DOS ANIQUIS,"RUA DOS ANIQUIS,  333",REFÚGIO SANTA TEREZINHA,04474-000,17,1
528,-46790156,-23599456,355030865000067,3550308005239,66,RAPOSO TAVARES,10,BUTANTA,Oeste,Oeste,SOCIETY ESPORTE CLUBE GOTEIRAS ( Antigo CAMPO Nº 01),RUA PADRE JORGE BENCI,JARDIM JOÃO XXIII,05569-020,17,1
529,-46622578,-23599672,355030827000129,3550308005045,27,CURSINO,13,IPIRANGA,Sul,Sul 1,SOCIETY BOLSA D'ÁGUA,"RUA SANTA CRUZ, 1350",VILA MARIANA,04122-000,17,1
530,-46613259,-23522446,355030856000009,3550308005015,57,PARI,25,MOOCA,Leste,Leste 1,SOCIETY ASSOCIAÇÃO DOS SERVIDORES DA AR/SE N.C.,"RUA DOUTOR MIGUEL PAULO CAPOLBO, 307",CANINDÉ,03035-040,17,1
531,-46524417,-23574049,355030804000039,3550308005153,04,ARICANDUVA,26,ARICANDUVA,Leste,Leste 1,SOCIETY QUADRA DE FUTEBOL SOCIETY VILA SARA,"RUA  ESCRAGNOLLE DÓRIA, 861 / CORREIA DE LACEDA",ARICANDUVA,03470-000,17,1
532,-46455820,-23501299,355030887000013,3550308005193,89,VILA JACUI,23,SAO MIGUEL,Leste,Leste 2,SOCIETY CAMPO DE FUTEBOL SOCIETY VILA JACUÍ,RUA  AMÉRICO SUGAI / TAIUVINHA,VILA JACUÍ,08060-380,17,1
533,-46408726,-23512081,355030884000016,3550308005248,86,VILA CURUCA,24,ITAIM PAULISTA,Leste,Leste 2,SOCIETY CAMPO DE SOCIETY SETE ESTRELAS,RUA  SETE ESTRELAS / CRESCENTE,JARDIM BARTIRA,08152-040,17,1
